,time,CHP-86FI1260.PV,CHP-88.FI2050.pv,CHP-MKA10CE010.PV,Meteo.Ta.pv
0,2020-01-01,7176.078698341796,71759.14051209945,23.204498014266616,0.3538638464783616
1,2020-01-02,7308.115797904485,70680.87990211013,23.55290352562274,-1.748678251199535
2,2020-01-03,7107.44711959048,69507.87622358848,22.764059621199607,2.1183853877640786
3,2020-01-04,6998.689295535094,68048.67225388442,22.368680677948056,3.9381024158633084
4,2020-01-05,7090.770825470005,69386.23421317816,22.808915533520235,0.5356244782298271
5,2020-01-06,7446.9804982370315,72960.45004065316,24.25890358763298,-3.612943605626555
6,2020-01-07,7269.845138061048,70843.5695773905,23.391544324412862,-2.0732722983607874
7,2020-01-08,7159.637540979841,69763.94001446481,22.891886296691354,2.4385982012840643
8,2020-01-09,6972.09576663809,68998.69975233417,22.20271842000964,3.8279061119261515
9,2020-01-10,7110.868132139996,69891.8695456165,22.820258569948866,1.3252968423197715
10,2020-01-11,7219.061274183046,72193.51958814921,23.254150380915217,-1.7632907670543476
11,2020-01-12,7289.795924446599,70989.13092345555,23.408938736995736,-2.2989682870269
12,2020-01-13,6905.369307986085,69229.79900103727,21.83542594848121,3.229986703041925
13,2020-01-14,5048.681307320287,80424.51694131678,15.68567213625274,0.23421689033385906
14,2020-01-15,7104.338237383833,70480.8981724997,22.704489155518907,0.9906037099130135
15,2020-01-16,6919.453792001623,69131.49610023836,21.88313727969079,4.577519533564238
16,2020-01-17,6952.816237837468,70203.37621722455,21.964544563265868,4.291637788530113
17,2020-01-18,7039.671169292244,69986.84228522918,22.283056666194422,3.1075351446494603
18,2020-01-19,7055.892276467584,69446.61695260744,22.41119365374614,2.1306804587930666
19,2020-01-20,7064.698755167721,70758.39358815356,22.412744438444683,2.643164058141936
20,2020-01-21,7153.613167925879,71999.32620566522,22.714691898979545,0.9302593696275037
21,2020-01-22,6894.492529024928,71452.03562876525,21.75898985478124,4.045201870072909
22,2020-01-23,7114.400766110769,73094.56347413802,22.748232594851405,-0.18726016809325452
23,2020-01-24,7256.399047860612,72446.9796681797,23.292751279513112,-2.4051807440510276
24,2020-01-25,7016.998090335197,71414.0874612246,22.314756645953626,0.23701458258739033
25,2020-01-26,7071.166096492486,71977.7032933146,22.569799607757815,-0.9682822508539517
26,2020-01-27,7139.193104187039,71725.89423131903,22.812845169445648,-2.6422777216079347
27,2020-01-28,7000.151611767725,72628.98521504477,22.353481949005168,-7.539572952973352
28,2020-01-29,7116.372903916349,70353.29328265664,22.729034709197517,-4.170787006366405
29,2020-01-30,7090.921321416391,70002.87078294835,22.618232186685407,-1.0350452728158062
30,2020-01-31,7066.640604244618,70242.4506838013,22.500680415874207,-1.8377748184824019
31,2020-02-01,7135.734679685548,70106.07475431969,22.82971936474945,-2.5666537655738866
32,2020-02-02,7092.984184973916,69337.90075591626,22.73442744164109,-4.905942155660671
33,2020-02-03,6905.7086692863995,69871.71470067403,21.894632381956537,1.6019618847765074
34,2020-02-04,7078.328234748036,72105.11858773149,22.699847538761603,-1.3143744764416503
35,2020-02-05,7121.328227482449,73804.18570204567,23.03457283582315,-6.305598495707904
36,2020-02-06,7165.079240132955,72062.60965795374,22.99735642492197,-5.786353271237903
37,2020-02-07,7111.374625917919,74306.70603408759,22.84932641588034,-5.334861924371348
38,2020-02-08,7375.457297462788,73883.97361112312,23.841515253578784,-7.197709981992216
39,2020-02-09,7301.996145039557,71916.97710488518,23.397087833498066,-3.265885532498877
40,2020-02-10,7065.001320545153,69190.96403226437,22.43974210962233,1.5914476438389535
41,2020-02-11,6854.776923697159,68231.34816978648,21.795026538608827,1.643697597782997
42,2020-02-12,6832.404768649214,68198.27439755293,21.620222765943048,2.5974878247102238
43,2020-02-13,6887.605406462466,69245.1915270664,21.83473250537617,0.9832656342533452
44,2020-02-14,6881.974469960315,69716.88364340813,21.79978337755931,0.5333495384159809
45,2020-02-15,7217.919080336429,72126.02686740531,23.10717773306732,-0.7503788642389974
46,2020-02-16,7200.460382441213,70180.4100283412,22.998023014136596,-0.583332810373628
47,2020-02-17,7028.661137549245,69366.57557145221,22.404575910637178,1.589988310803439
48,2020-02-18,6856.512222766429,68685.55027109447,21.6888575569208,3.8216439926316452
49,2020-02-19,6828.893100760736,68402.35382665014,21.56026436754205,4.697067187727465
50,2020-02-20,6919.873543427524,69956.78548643214,21.86244642766856,3.5320185613508026
51,2020-02-21,7244.766521428379,71962.81674791599,23.257229063216563,-0.826188345732561
52,2020-02-22,7038.580875198584,69455.55805426816,22.386205692138056,1.3895807125299309
53,2020-02-23,6923.7431424628485,68466.5866085957,21.978376126560487,2.231502437017502
54,2020-02-24,6859.365421316135,69602.68692825147,21.72015400816693,2.247575655862838
55,2020-02-25,6933.709646163052,72175.74105941343,22.09597484896528,0.6036942125173824
56,2020-02-26,7156.116905715844,72984.19202330605,22.959808628669002,-1.8017697078900534
57,2020-02-27,7440.05948027848,73587.45105096058,24.254010612294405,-4.7860194250294885
58,2020-02-28,7595.781050718714,71819.96718983815,24.789253845949307,-6.332376749430154
59,2020-02-29,7586.137232143664,72789.12213532702,24.70236543351172,-7.003469842192676
60,2020-03-01,7468.995651718653,72467.85898757192,24.192748540219217,-5.909323674226087
61,2020-03-02,6989.061401402444,69342.75829981196,22.227574138311613,-0.6619625748208333
62,2020-03-03,6988.0011956144335,69429.90890711897,22.181409518196162,2.447763834976527
63,2020-03-04,7064.773331755222,71063.04036612592,22.574910235041784,0.3301664482563353
64,2020-03-05,7176.475988011121,69557.4823424677,22.951756851542203,-0.47550304420217554
65,2020-03-06,7032.7000822759865,69646.15376431617,22.289567385052187,1.412874922811918
66,2020-03-07,7080.3528303981475,70398.53142221988,22.585398498753786,1.0663458996757644
67,2020-03-08,7133.376139101354,72321.38079523551,22.786324539472208,-0.43121304213170164
68,2020-03-09,7164.792930006103,71834.63956611438,22.897291799895633,1.551020239061834
69,2020-03-10,7129.977284373826,69825.52534382614,22.65919459966341,2.3173963082843048
70,2020-03-11,7035.838036019595,69700.39865676778,22.334080960290247,3.0912731649862804
71,2020-03-12,6924.122216996898,69096.28446811759,21.93986483426491,3.19224594854572
72,2020-03-13,6844.874401629621,70239.71602655428,21.6511560551591,1.9348693541260178
73,2020-03-14,6949.397217318726,72743.28429680507,22.115000038835845,0.34146452168715086
74,2020-03-15,7455.235002847673,73724.37853326253,24.101872519867143,-4.528638979087235
75,2020-03-16,7415.464188982266,71545.41746505462,23.865374989310503,-2.1304410574004233
76,2020-03-17,7113.170940678227,71276.47863699896,22.670237050847927,1.9512994732238824
77,2020-03-18,7299.884180973743,71250.1944162455,23.436002013294644,-0.15165105525002276
78,2020-03-19,7004.626938635141,69583.43262010788,22.178372924491505,3.7989308027390063
79,2020-03-20,6904.852058210418,72979.77177816516,21.81449878269558,1.73914831759032
80,2020-03-21,7422.087501004037,73033.46491484968,23.922051110008603,-1.2047375568700196
81,2020-03-22,7613.451999659663,74310.68897781188,24.63035754004809,-3.0944509910510662
82,2020-03-23,7649.164294248434,74079.51676895573,24.753714643984292,-2.70586655410769
83,2020-03-24,7473.057345413138,71051.03439617307,24.010872016122242,-0.8079394245994653
84,2020-03-25,7278.196949656237,70054.09898596593,23.18008095407243,1.9244841451063668
85,2020-03-26,7015.327468891387,69360.98532171654,22.14136599028695,4.892345185508855
86,2020-03-27,7022.335742926932,71123.01079181164,22.076033777595082,4.90766267677794
87,2020-03-28,7042.269159982496,71141.5414386959,22.21980718176178,4.531579150944348
88,2020-03-29,6938.387671422139,71564.09251112331,21.855754347428885,4.889391324354498
89,2020-03-30,7358.239184752025,73254.56863972521,23.64845860936939,-1.2091929558098193
90,2020-03-31,7511.352063182864,73300.09364425152,24.26455897172359,-2.755098976238225
91,2020-04-01,7319.858993062757,70946.03256460755,23.570955552690215,-2.373438429629859
92,2020-04-02,6916.031616425325,71418.03732538255,21.92092980231647,0.7055040117553002
93,2020-04-03,6935.194302721467,69587.94305891253,22.076409949311994,0.4471495063614862
94,2020-04-04,6816.805663672145,69942.18937795112,21.62344392040317,1.493722334219765
95,2020-04-05,6980.3063565701505,72688.4069247769,22.193498353396826,0.9056219402899889
96,2020-04-06,7118.003912969302,73639.83021533945,22.672366803765435,0.2796670952237409
97,2020-04-07,7238.5842316817725,71850.94340493603,23.185701174485523,-0.6592050718046106
98,2020-04-08,6720.222040841089,70424.14823242248,21.02066477891482,7.266819750600187
99,2020-04-09,6769.169044324941,70124.65231444545,21.22318681430595,7.039714338181772
100,2020-04-10,6816.6959723853415,71607.56911919477,21.504696471482706,5.272682544870378
101,2020-04-11,7030.503248658727,73912.53095606074,22.39984900605976,2.0030972107677925
102,2020-04-12,7142.37682486048,73201.82625071281,22.719996811515244,0.8057477854938071
103,2020-04-13,7071.474961612804,69816.90970717721,22.525991653818547,0.5870339376507745
104,2020-04-14,6821.83050582821,69735.67321402235,21.49078271631892,4.112505714205809
105,2020-04-15,6978.805119974322,70395.01729116878,22.206193611397502,0.10286175809855873
106,2020-04-16,6995.453890723335,71859.20046039508,22.214617387346227,-0.10740063098302387
107,2020-04-17,6838.423838299532,70944.99568838601,21.622727582230784,2.7335491809984274
108,2020-04-18,6933.453971615701,71071.68309472436,21.969974937143174,1.8127963781205676
109,2020-04-19,7001.592160198768,72434.75163128064,22.22949235394522,2.055599878752782
110,2020-04-20,7065.999119992263,72003.78158478998,22.39553338830364,3.611381946897873
111,2020-04-21,6942.366259112721,72764.37332585138,21.881372058145878,5.799481346705083
112,2020-04-22,6905.914070653107,72469.44123853397,21.7236825765505,7.479015982137322
113,2020-04-23,6990.2969887217205,72559.70567907016,22.081325301115836,5.985608814136269
114,2020-04-24,6980.647848018597,70904.80292837913,22.122812113535577,4.630968812760724
115,2020-04-25,6948.339689183707,71922.11793061544,22.08567672435672,3.343075990573304
116,2020-04-26,6990.037779532375,71619.86439265615,22.172805140228988,1.9237589925377352
117,2020-04-27,6853.625215228189,71877.08648828843,21.600243654818776,3.4354199268673478
118,2020-04-28,7002.901335637368,71855.5595412911,22.24867371856821,3.1636924305201313
119,2020-04-29,6954.285413795004,70342.60714040668,22.061379540168627,3.2348584685691297
120,2020-04-30,7125.14538210654,70723.1585067993,22.76937756465376,1.619455953961288
121,2020-05-01,7137.932162640507,71804.08506226703,22.764052953676384,1.8470359825137914
122,2020-05-02,6981.4326913157365,69560.9073409176,22.073923209641038,3.6116284529461242
123,2020-05-03,6600.370294140994,68581.66469529524,20.57764862894729,8.830875296772183
124,2020-05-04,6535.878883795938,69141.53659784727,20.20060276971704,9.756783799108007
125,2020-05-05,6746.329790971778,69836.58447170137,21.02606767910524,7.740003261954756
126,2020-05-06,6682.17391661522,70252.76861469456,20.846996674243062,9.762909026828536
127,2020-05-07,6530.382334935534,71045.35945077383,20.276879310205192,10.714418353008565
128,2020-05-08,6686.039411850235,68960.93155780033,20.920986873542148,8.24462562914452
129,2020-05-09,6710.245562690364,69173.84754670892,20.987585017872306,8.033184593519955
130,2020-05-10,6633.238986185436,68342.00134583139,20.66720261857662,8.656802900158858
131,2020-05-11,6677.343952759398,68771.3530089137,20.89148482219751,8.534367375083804
132,2020-05-12,6557.802976374295,67770.67025754128,20.393222310653936,8.44566623594976
133,2020-05-13,6801.7177214875965,71375.02302984017,21.373564577770754,4.518032601920896
134,2020-05-14,6797.454565041226,70517.55204741405,21.43115801008548,5.505379999750134
135,2020-05-15,6830.204811058083,70544.91016996841,21.4817729953454,4.526177603252139
136,2020-05-16,6854.864720542267,69909.2812102183,21.6283951072947,3.6765459902217352
137,2020-05-17,6800.311648633748,69295.56549267242,21.404532455879423,3.6708695688726602
138,2020-05-18,6637.109035741309,71059.50589571528,20.69785393294154,5.902326039240927
139,2020-05-19,6003.1829648088615,75122.32017499312,18.603477221859862,6.045820373476428
140,2020-05-20,3497.0351550793557,89850.25753117417,10.64347913641908,7.210763534944797
141,2020-05-21,7016.44458187343,72310.63606615293,22.419476725782708,6.441363837930849
142,2020-05-22,7005.027053840439,72592.11373864082,22.282156613092937,6.929549879125962
143,2020-05-23,6951.071749209451,72087.62738809374,22.04321264813663,9.27502098953894
144,2020-05-24,6768.3071861974395,71215.92351642663,21.279685762152205,10.829770657150924
145,2020-05-25,6758.553496862215,69010.64398685412,21.27702908731878,11.130051160409563
146,2020-05-26,6711.900881498579,69228.93905875648,21.080603761504378,12.764037362918186
147,2020-05-27,6527.576935142326,68950.92871059562,20.299664918508658,15.764718496815831
148,2020-05-28,6414.5657241006165,68524.25715828547,19.776333183561785,16.409864929815388
149,2020-05-29,6672.262539929726,68951.58400942817,20.85981220996036,13.560450335569309
150,2020-05-30,6699.07274943061,74998.5005822627,21.07857688182878,13.326439881800178
151,2020-05-31,6339.487599914335,71349.37379113096,19.631790020206807,13.997046221404787
159,2020-06-08,6717.828855328411,70981.32579344453,21.628364002590473,15.068275347260208
160,2020-06-09,6797.2176059131025,67583.75572639843,21.777911659072753,17.427039664080375
161,2020-06-10,6767.789181918531,66616.22124453513,21.496750886962378,18.095883801157637
162,2020-06-11,6834.091282908241,66145.42778649976,21.947301990609002,16.952906987662562
163,2020-06-12,6950.382219201075,66373.28021615412,22.446546887072074,15.231144659989484
164,2020-06-13,6832.707868930137,66740.99020995513,21.91619812181366,16.630064785497378
165,2020-06-14,6674.757597582056,67297.47601796538,21.277709273562234,17.66520170911056
166,2020-06-15,6728.968079938463,66887.2850678294,21.453669227235302,18.140914689603743
167,2020-06-16,6500.3460279177325,68793.15691732675,20.415595526505165,20.166658603794705
168,2020-06-17,6237.387356626583,71684.0,19.237746032176318,22.93333860733968
169,2020-06-18,6619.129815374588,71684.0,20.783513461749592,20.567935153468273
170,2020-06-19,6663.533307844823,71684.0,20.95258930974063,20.220028128443793
171,2020-06-20,6637.262974294326,68538.03258918648,20.868925839770164,19.872075895294017
172,2020-06-21,6869.1752575993305,60504.70964327054,22.04819106681018,15.711631754361836
173,2020-06-22,6911.235293805191,60408.06873058961,22.21769342875292,15.253349389129825
174,2020-06-23,6718.19392939321,60048.34375676178,21.244389580703718,17.736352629584058
175,2020-06-24,6307.231815672394,60120.99046208635,19.41279659933683,20.846280523689238
176,2020-06-25,5749.012864610704,61701.24725843656,16.671919943950215,23.85325781408916
177,2020-06-26,5387.688058531879,63561.17551789691,15.063841392251359,24.946338223034626
178,2020-06-27,5274.138558653205,63648.723050394896,14.58006157435286,24.678444285774766
179,2020-06-28,5600.829261734255,60696.92434790971,16.13319333184383,22.903158022620733
180,2020-06-29,6392.733500979045,60086.99658779207,19.77378201813793,17.380713253720927
181,2020-06-30,6435.367533463942,60885.7297947413,19.966228466047266,16.04727344613237
182,2020-07-01,6402.283315301691,61088.0300967701,20.016921078962675,15.079875549151057
183,2020-07-02,6384.7604714532945,61891.08500795679,19.929298825930516,15.115833978741627
184,2020-07-03,6293.214584235121,61541.250534869556,19.3733420111208,15.738644529903041
185,2020-07-04,3133.5406746045624,79286.71211133552,10.244819893122447,16.750213472130635
186,2020-07-05,6555.985024201614,62878.26174910411,20.41683742240516,15.139985098255654
187,2020-07-06,6484.629390675773,61557.81499936709,20.135882787680607,15.598982633904738
188,2020-07-07,6331.003065922164,61444.17073570585,19.60757873469714,16.67543761979253
189,2020-07-08,6494.106493557491,61653.07587128349,20.173879112010003,15.20619230761489
190,2020-07-09,6570.799539943049,61972.35485325215,20.355408114064403,14.84340541677194
191,2020-07-10,6571.68707100181,61842.828803924844,20.343585398556034,14.537745734518577
192,2020-07-11,6485.238599736311,62168.04677442384,20.04746487544912,14.813153972402528
193,2020-07-12,6535.355030897569,61739.43623518626,20.48640526528932,13.869801520659967
194,2020-07-13,6409.960773240285,61563.52654815472,19.81609744755922,15.277632950561324
195,2020-07-14,6402.068753818928,61105.704499139996,19.710342337565525,15.16322783998721
196,2020-07-15,6311.345716438632,61312.34948471215,19.316186814030477,15.04076218873333
197,2020-07-16,6313.051807062402,60878.003591530345,19.374405305977874,16.33042535510692
198,2020-07-17,5792.759487154322,64524.30346666234,17.601963034779214,18.812954160230326
199,2020-07-18,6223.207627997728,60863.103923050185,18.859706422506804,18.737783225728858
200,2020-07-19,5869.752555561805,61165.00084308209,17.239080734582274,21.739657162223196
201,2020-07-20,5793.064016050326,61284.436437579636,16.874934586068015,21.597034128709133
202,2020-07-21,5869.46163013417,62279.308904258534,17.183032194235082,21.66238666322212
203,2020-07-22,6023.803983132593,60373.00688230398,17.891902590010446,19.779237776917256
204,2020-07-23,4039.855043708484,73848.62677258613,12.062975207264147,16.514747865221594
205,2020-07-24,6848.780197794108,61068.675580073395,21.554878813115884,13.313427657322112
206,2020-07-25,6893.3112308316,61214.21738764453,21.74484107592163,13.133039182444724
207,2020-07-26,6946.423141761822,60871.211663791226,21.9535744709276,13.520548014063149
208,2020-07-27,6885.033439190252,60230.17274127751,21.358026144862244,16.922615646892698
209,2020-07-28,6792.791238429803,60773.30108386325,20.975575699573305,18.299773543396704
210,2020-07-29,6864.392675783355,60397.72820874163,21.422986673152526,17.385024072001425
211,2020-07-30,6837.070728965327,62651.38264083055,21.393591151384697,16.884426828274876
212,2020-07-31,6831.046270035853,68603.45564999747,21.512472560816047,15.286348125102204
213,2020-08-01,6917.926427305654,60787.343948515554,21.91450668805983,14.904532675667792
214,2020-08-02,6980.015049992617,61219.37828044494,22.07039786004626,14.79978668262241
215,2020-08-03,6944.990009588094,61432.216158175346,21.81301395659289,14.107194959603374
216,2020-08-04,6802.285788909489,61263.86554124975,21.113754440708547,16.05071484861869
217,2020-08-05,6880.80805741995,62015.82416981909,21.42094292014507,15.641075970497777
218,2020-08-06,6813.242263633582,60819.192664073984,21.02725334976456,17.292102818000348
219,2020-08-07,6764.632640649784,60635.12443063564,20.815495471930785,17.101457456466687
220,2020-08-08,6650.133440897344,61065.301323890584,20.267537714797736,19.012774829962165
221,2020-08-09,6173.781933688657,61701.06337605075,18.37316421603962,21.393452722481946
222,2020-08-10,6211.299747736374,60599.044247087404,18.443411673992888,22.811085023136197
223,2020-08-11,6777.327054445196,60452.42918410624,20.946379796227806,17.260304279712543
224,2020-08-12,6988.0414663283955,60374.34948382751,22.026782915867315,13.820392740443564
225,2020-08-13,7011.798236860618,60724.847395479184,21.95939632008019,13.631316965605269
226,2020-08-14,5237.741477248951,72574.62754729891,15.918214993881133,14.09528733083047
227,2020-08-15,6906.619913317516,61352.96130590153,21.425548222749608,14.99127395130739
228,2020-08-16,6355.37026785384,61928.47817118466,19.140585622259227,18.676460926989016
229,2020-08-17,6424.314593738783,62460.509963044766,19.405078604916156,17.98005952362325
230,2020-08-18,6758.648067253015,62306.94313761234,20.829710637611676,14.754417013999436
231,2020-08-19,6640.3682596472045,62474.225892760245,20.410715640040248,15.023666318420693
232,2020-08-20,6465.370610708048,63378.557488775485,19.654492105531613,16.391341797539283
233,2020-08-21,6174.406979629752,64107.758076946615,18.249879499080514,17.850765213981102
234,2020-08-22,5955.371389758363,64158.4754826514,17.169349636872912,19.055829548427322
235,2020-08-23,6548.374631046588,64599.19771241779,19.77491743593069,17.718576797233403
236,2020-08-24,6338.985064911798,63062.286262243004,19.062442326119683,18.351847110553233
237,2020-08-25,6410.569240100292,62860.086858578834,19.344056075230295,16.791639824211543
238,2020-08-26,6676.714272938864,61399.27085713135,20.386752548162292,14.520286524988697
239,2020-08-27,6392.906546016365,62158.46022634129,19.338224596664908,14.623021757422979
240,2020-08-28,6786.152314211063,61041.44317264964,21.002717832214895,12.76885316444272
241,2020-08-29,6511.842083250111,61665.45231334867,19.97837711384134,12.951441116791306
242,2020-08-30,5990.289793770959,63433.68815005755,17.72809766160543,14.272447537268546
243,2020-08-31,6327.490431748152,63035.01669409741,19.44701087051162,12.444867447289889
244,2020-09-01,3966.7908298743314,76127.87156147964,12.140014136666954,11.26091179345295
250,2020-09-07,6914.7695522437025,76451.74328498983,21.622983764960676,13.917199759044088
251,2020-09-08,5126.00530532102,72791.9979699259,15.909454164306918,13.050882921635305
252,2020-09-09,7089.388529008522,63189.255597626005,22.35289425116976,11.84240454524739
253,2020-09-10,7052.7885455748465,62564.9055288199,22.150417636923535,12.34406998918678
254,2020-09-11,6937.719946748228,61461.81380233775,21.92344385786799,11.308476579769302
255,2020-09-12,7071.832252284647,62544.61539190658,22.217085890985878,11.100888535484712
256,2020-09-13,7074.307544245459,63751.94919454804,22.120169457928096,11.933734729590082
257,2020-09-14,6938.895331653225,62248.85051062502,21.573800233396224,12.56445094079678
258,2020-09-15,6787.742744987388,62332.49656518849,20.969964105268968,11.97437115636823
259,2020-09-16,6961.95251529194,61954.4646113216,21.611136053252025,10.938383403581028
260,2020-09-17,7003.091961614801,62803.450431021694,21.773138912014268,10.501821417240965
261,2020-09-18,7029.05087122929,63152.08376164933,22.158983813323857,8.39853358404899
262,2020-09-19,7086.365304955353,63456.83634853419,22.307474477934296,8.916573305928189
263,2020-09-20,6894.566122390153,63076.686971873256,21.35488857673241,10.419061544748761
264,2020-09-21,6892.6485904209285,63683.311803021774,21.3117417619752,9.85963089952912
265,2020-09-22,6658.844723831755,63447.17093501592,20.210552356406513,11.94181582779629
266,2020-09-23,6448.196318699814,63298.431112698214,19.238126077838434,13.386944215307599
267,2020-09-24,6537.409622952448,64746.97905243113,19.661055771162577,12.82344598630531
268,2020-09-25,6260.685342916877,63709.044783163896,18.499161438185535,16.133608635658675
269,2020-09-26,6501.190947343631,62972.81600614761,19.490591370138457,14.426585724804125
270,2020-09-27,6361.195403181424,62690.73911899903,18.9940312112958,14.546988641260633
271,2020-09-28,6622.280351214057,61364.16195348958,19.984146614203024,13.829847565686263
272,2020-09-29,6780.488818847441,60896.237535289954,20.69258381328259,12.006924174977046
273,2020-09-30,6979.073827046007,61107.38132393955,21.50703957939154,9.853523221932578
274,2020-10-01,6979.572338184678,61593.21197483852,21.369803050299332,11.116354394349235
275,2020-10-02,7030.476163517694,61865.22392791494,21.686047641324837,10.265633913941393
276,2020-10-03,6989.58428289338,61658.00871272983,21.502503510960864,10.561406870833052
277,2020-10-04,6968.056714779145,61672.614827772035,21.402963155118563,11.50211981181114
278,2020-10-05,6948.268109079292,61346.18924888065,21.395474924765317,11.398782530661512
279,2020-10-06,6821.394232632493,62491.670050279026,20.733447643024565,12.741951766033443
280,2020-10-07,6871.832540276561,62865.512024712996,20.95540513415971,12.053720404090791
281,2020-10-08,6845.28651369484,63804.78088343344,20.77428039020342,12.145443239766777
282,2020-10-09,6909.912575564825,62371.62127551452,21.063506851636376,11.812791118315204
283,2020-10-10,6895.406437410188,62511.31719241242,21.035543875104313,11.669446215627458
284,2020-10-11,6953.702497752056,62049.5557798629,21.27023928849681,10.877292975151676
285,2020-10-12,7027.600670263628,61794.092222046005,21.74647771108082,8.979142321969103
286,2020-10-13,7032.492920261336,62034.33369531987,21.736678515632192,8.977234393193468
287,2020-10-14,7078.350885063374,61984.194313199245,22.00690519612982,7.81489873029578
288,2020-10-15,7204.585748197624,62046.39035967434,22.61186432030249,6.800236312512313
289,2020-10-16,7267.577174346941,62683.01122210382,23.039795983773736,4.562796750797754
290,2020-10-17,7279.2168220357125,62850.74690712706,23.240801240822954,3.254320190357645
291,2020-10-18,7138.947005073297,63297.67054962015,22.60460705939205,3.764947605721373
292,2020-10-19,6998.1392301706555,63534.59398419384,22.138438889510486,4.316675918263752
293,2020-10-20,7114.934765929143,64474.9523224042,22.77504982394059,0.6910150546019879
294,2020-10-21,7280.198239798917,65365.95079084575,23.417572395939278,1.1940725326825006
295,2020-10-22,7236.6180005457545,64312.739182323196,23.178798775180464,0.7979516844572887
296,2020-10-23,7096.50032191912,63593.95025860258,22.416416499499764,4.660495230441694
297,2020-10-24,6949.431542598303,65385.64548384753,21.71845792444258,6.36094696528277
298,2020-10-25,7201.495737486676,64607.82870879127,22.95558584143756,0.8230197689132668
299,2020-10-26,7177.014427926591,65882.8152370204,22.8007816987199,2.318904171350418
300,2020-10-27,7049.8674349217035,64118.69912105224,21.846873990148353,7.347874837244251
301,2020-10-28,6937.125168026187,62964.73625006066,21.248284168295346,9.765565809535225
302,2020-10-29,6917.492056170295,62603.3440944394,21.289473336195567,8.956921712283284
303,2020-10-30,6949.245676083283,62839.50375616162,21.354125455218288,8.863030166334475
304,2020-10-31,6983.175984754354,63935.25525936278,21.46028690871338,8.073721348719118
305,2020-11-01,7261.978845008828,63150.373561586704,22.945900563099215,3.486139486599135
306,2020-11-02,7225.277804973738,62913.27127147541,22.77449247896577,3.5967969423796804
307,2020-11-03,7144.527213106219,62557.89055890186,22.773355985383503,1.8505494709447161
308,2020-11-04,6933.563221087249,62459.15042217989,21.40173536405191,8.877812313705647
309,2020-11-05,7029.471444303293,63813.552374777035,21.776454354222917,7.4130817022227955
310,2020-11-06,7017.3114447984635,62661.94188634411,21.860558580052334,5.371574015754476
311,2020-11-07,6889.1921724936155,63996.375190803,21.19624600371808,7.381293526520714
312,2020-11-08,6815.126154236215,64132.95644190223,20.619582067028766,9.111369562367717
313,2020-11-09,7028.583794139087,65788.74963127564,21.972340767505408,3.9870560644805515
314,2020-11-10,6996.271873242152,63876.59339017218,21.758047705810473,2.7565046473015955
315,2020-11-11,7128.787907739858,65519.379717541626,22.443485262567823,1.5277501510790619
316,2020-11-12,7076.082194814486,66014.22225149894,22.237416621754267,-0.11402835158907153
317,2020-11-13,7073.044108655237,66442.41385965484,21.969739885276045,3.59591874865913
318,2020-11-14,7071.391009280679,65124.52469780316,22.083926028398032,2.81004079128024
319,2020-11-15,7049.382008709617,64775.57184828617,22.278126840709685,-0.4555600378613812
320,2020-11-16,7051.867444113377,64827.21977570911,22.24800822679043,-0.3155345832412988
321,2020-11-17,7034.922662441051,63900.45179172644,22.172775141475395,0.5589548093994425
322,2020-11-18,6994.303845865136,63293.88929539526,22.0582476704526,1.335907887786796
323,2020-11-19,6874.375108630287,62789.23147660451,21.283368700263587,5.343278220319479
324,2020-11-20,6643.1688559065815,62524.186426753105,20.26060087997238,9.157382836667537
325,2020-11-21,6926.19041869417,66410.17688960524,21.756747843793956,0.1235280481454159
326,2020-11-22,7013.123039636051,64813.06442136612,22.170386101342807,-0.20054661814310115
327,2020-11-23,6840.7573622431955,62513.27881272067,21.236757825089267,3.2840632835826513
328,2020-11-24,6854.613361947589,63103.58376221851,21.246055297475475,3.283898730897677
329,2020-11-25,6899.377713546866,66844.39146650644,21.525135016257565,1.1211870268893371
330,2020-11-26,7017.2206852294075,66376.51091437734,22.219107119792643,-1.635451633333432
331,2020-11-27,6848.959978608467,66005.6242142471,21.181791196043985,3.255085373286521
332,2020-11-28,6949.007684876655,67399.11531373239,21.951595404942708,-0.22089549753518806
333,2020-11-29,7057.252352774562,67375.81753952181,22.261049102246183,-0.2931197210180879
334,2020-11-30,7057.309758345842,67391.58940068571,22.271061703084943,-0.7017754617575149
335,2020-12-01,6992.180039817206,65175.916937529866,22.005437796482266,-0.30785378517854695
336,2020-12-02,6951.091931359061,64445.31940143922,21.836325655348524,0.8537266339024973
337,2020-12-03,7021.663833826359,65011.579804736975,21.98013923697101,1.817605955056622
338,2020-12-04,6954.1752203780525,64980.714434276444,21.915254330129965,-2.168867690339031
339,2020-12-05,7032.701945338922,63732.11336554947,22.22855062541868,-1.5723200175200625
340,2020-12-06,6981.404670517276,64358.52985604081,21.924806368681814,1.176716590822983
341,2020-12-07,7024.4757924419755,64342.60544173414,22.049932256701513,2.142602798879791
342,2020-12-08,7220.329854978713,63387.14700306416,23.052925611665326,-0.9623972829746117
343,2020-12-09,7408.122546549988,63567.1449564645,23.86620269492728,-4.953080139876784
344,2020-12-10,7497.366047728118,63339.75770228003,24.214058240569848,-5.303250624737317
345,2020-12-11,7521.773064937728,64168.83954777144,24.293024480484267,-7.048266898476745
346,2020-12-12,7555.7275734884815,65660.62581093691,24.479515146941154,-8.265793312329578
347,2020-12-13,7119.855207980899,65203.095819338116,22.629317414599086,-3.02544467581757
348,2020-12-14,7301.0875684926605,66736.84313187056,23.459434058944115,-6.450290628544974
349,2020-12-15,6298.738412623083,76784.55851191065,20.171571142384554,-4.216852255510519
354,2020-12-20,7235.874791660304,71609.73886217253,23.25510535829759,-1.2213254142084073
355,2020-12-21,7155.206682210062,69883.137993421,22.781093634899854,3.148840039478087
356,2020-12-22,7160.740149251732,69725.61845476384,22.90218625264392,1.5101455319725419
357,2020-12-23,7138.6953123201565,69976.18703054872,22.77048930161744,1.4353315399391833
358,2020-12-24,7138.003822199171,69712.902351207,22.872842636284705,-1.4337781892407628
359,2020-12-25,7088.011285769638,70608.38491590337,22.664786272700983,0.26439067037138547
360,2020-12-26,7192.51819115817,72125.5197668695,23.16491942634657,-1.1510201277841912
361,2020-12-27,7443.358301729194,73699.61978460981,24.134662831558053,-5.028956572314224
362,2020-12-28,7358.302942581537,70104.86742363959,23.75672618632623,-4.765685233192743
363,2020-12-29,7304.318956583414,69284.1520875415,23.530063096846213,-3.2819322888391746
364,2020-12-30,7269.922856385812,69321.25466378428,23.429386343197354,-2.920458268890757
365,2020-12-31,7172.110225701382,69047.31417910373,22.958897702734646,-0.6448513045089891
366,2021-01-01,7159.375885248843,70309.26984559461,22.894195457276254,-0.1487390494217171
367,2021-01-02,7197.246785825394,71593.4558829448,23.038645199347023,0.46461378233317147
368,2021-01-03,7255.256847836222,74154.36553831803,23.312221433018316,-0.4128759424943814
369,2021-01-04,7262.22606615272,72963.91950300997,23.28764086315389,-0.6719409069293498
370,2021-01-05,7439.268004136819,74997.46674456679,24.089226136226213,-1.911443604421717
371,2021-01-06,7634.241239037492,75975.20496783032,24.856359860161916,-5.172037566958487
372,2021-01-07,7527.075979480875,73450.74556075825,24.387698620107447,-4.232664057312644
373,2021-01-08,7509.487073699482,72310.10546919277,24.38927018200165,-5.06573770066628
374,2021-01-09,7580.818930449504,73019.93114938914,24.706555696542356,-6.014812084526694
375,2021-01-10,8058.9647090023645,76074.65361144138,26.507948663156103,-10.164820601289508
376,2021-01-11,8019.595077768518,72305.17921702017,26.442916315327903,-11.495672397438758
377,2021-01-12,7996.773897118659,70084.75943591166,26.418379466803803,-10.924663832200332
378,2021-01-13,7882.453927432868,69387.39850308587,26.007420679242866,-10.736345403775445
379,2021-01-14,7902.396656136584,70785.92834275303,26.102821926133785,-10.738983904591946
380,2021-01-15,7757.435805493279,76039.47980192638,25.63485814224327,-20.00957584710315
381,2021-01-16,8138.027974362172,75946.37305094076,26.916137928998268,-22.33785868888855
382,2021-01-17,8285.648552109531,75760.48309985985,27.538946464543862,-19.251662320038285
383,2021-01-18,7894.85728707331,76293.12889086847,26.005061197463736,-11.175373119626526
384,2021-01-19,7632.432330805336,73619.15225253234,24.977042615308708,-7.522522203351421
385,2021-01-20,7307.7298300735265,70566.52093904986,23.543457542102487,-3.353927757040133
386,2021-01-21,7403.175395880816,70133.64515257924,23.95256684399761,-3.80705083583928
387,2021-01-22,7813.598481028554,69342.23540178839,25.71431404071848,-9.415921228777275
388,2021-01-23,7604.832791724095,69304.70875111752,24.84424980189517,-8.083621697859742
389,2021-01-24,7114.199198516622,69135.29391047612,22.693154646246132,0.4096282086573788
390,2021-01-25,7092.286449379499,69564.16110978789,22.62956196291896,0.6491044137350108
391,2021-01-26,7093.242186930471,69278.47724893143,22.65264098690827,0.7957542266042763
392,2021-01-27,7103.638869417826,69757.73953327116,22.718227091162948,0.10657056730149242
393,2021-01-28,7144.634366171513,70726.89354436363,22.819734162731958,-0.1207971063160319
394,2021-01-29,7126.097452165895,69611.92695786503,22.807171672008735,-0.2709718304710037
395,2021-01-30,7194.579568958411,72860.94426566218,23.185510002738464,-1.89047314455712
396,2021-01-31,7135.901056191559,72024.24307686694,22.90258794286498,-2.339695186064004
397,2021-02-01,7278.744605864185,73308.14958165602,23.5536953987773,-4.579184659051686
398,2021-02-02,7534.4517789231,71356.63878547019,24.50787975794611,-7.3474094649396795
399,2021-02-03,7841.657324342236,72181.90700466132,25.778261751348747,-9.843679104742028
400,2021-02-04,7615.658557498942,71946.81894762715,24.862271565204995,-7.760510914392107
401,2021-02-05,8013.39933543871,73344.25820312455,26.453505227463847,-13.01499759653736
402,2021-02-06,8177.735302971772,74172.94528279884,27.029930018522492,-15.798505950688117
403,2021-02-07,8216.103684974427,74838.30691883479,27.176727770927794,-14.063721993251052
404,2021-02-08,7965.212443313671,75597.35706070237,26.27681979637932,-10.155051522460848
405,2021-02-09,8041.713342140507,75272.07462674637,26.567053725071858,-11.423074772016822
406,2021-02-10,8073.935650388991,75247.5900784307,26.690798328965702,-12.441817010840076
407,2021-02-11,8152.062378041468,74236.22226662817,26.974853858829793,-14.056983238058262
408,2021-02-12,8339.948666580432,76055.94119681795,27.682605100661608,-18.242957383906372
409,2021-02-13,8229.839340550538,74750.24721763229,27.187422488029895,-13.791625571612615
410,2021-02-14,7831.897063961228,74120.06640853008,25.699548317074278,-9.009141057574643
411,2021-02-15,8018.12067689126,74610.43378151313,26.461017169080883,-9.951880329486347
412,2021-02-16,8059.265007154432,73632.12706081699,26.57757709701402,-12.369696379393421
413,2021-02-17,7838.989529202038,74431.82206175513,25.702396956970112,-9.113320068231369
414,2021-02-18,8409.821411401887,76094.5132441315,27.913393965382614,-19.26093791025589
415,2021-02-19,8319.892734917736,74858.05414157802,27.56073257411016,-18.442355599642166
416,2021-02-20,7843.615558212188,71998.60496150219,25.759575789870755,-11.074288812765055
417,2021-02-21,7845.247464366038,69803.46086789122,25.75794862981341,-9.31052577662477
418,2021-02-22,7668.933986776377,70693.2883183575,25.02896474548612,-9.761487221005643
419,2021-02-23,8049.9566387581135,70109.18915923423,26.503113417591187,-13.328852277077894
420,2021-02-24,8240.905060894533,70162.73185082452,27.19088745489466,-15.738372034103671
421,2021-02-25,7788.646243786589,71132.38696784753,25.460154174671214,-9.203308759820912
422,2021-02-26,7086.863913964661,71655.85578111492,22.521508863004055,2.158284376848041
423,2021-02-27,6999.3162562913285,73903.66928022234,22.225686682810156,2.144746264288284
424,2021-02-28,7223.4932627574135,74368.39582431508,23.090248568318543,0.7483570629429277
425,2021-03-01,7122.168948903456,73885.28227768898,22.62179579044395,1.190067554059261
426,2021-03-02,7061.890777360141,73125.18029738976,22.327646260353884,2.5080499687357487
427,2021-03-03,7106.075551997194,74926.58869003259,22.575980357468563,1.550789035560183
428,2021-03-04,7149.230375502827,72275.60906484083,22.7621882602029,0.41881466746760804
429,2021-03-05,7344.190525675492,72366.3344705367,23.65207653062143,-3.594691282094283
430,2021-03-06,7574.364052730585,74528.92812962236,24.52911827112194,-6.748609829143349
431,2021-03-07,7397.981333782168,72408.827033964,23.78801111373264,-5.572269010987053
432,2021-03-08,7364.636236986007,73741.22362439963,23.776759614458154,-6.147684848664793
433,2021-03-09,7825.419624751613,74022.1961846505,25.5792212345371,-9.918689014610472
434,2021-03-10,8166.80718672287,73364.04833791054,26.955312667063975,-15.564697341023592
435,2021-03-11,8172.525384846685,73354.76956484524,26.919544775359924,-15.2219101581611
436,2021-03-12,7891.508133168332,70145.53241022916,25.807609010329266,-11.835698630077932
437,2021-03-13,7298.738736480691,68858.54667182223,23.49269032028102,-5.878253451804912
438,2021-03-14,7004.470532577598,71075.68693489401,22.21283257961743,-1.6152574907284358
439,2021-03-15,6881.839556867572,69477.53283552027,21.664385668402605,0.8926568405718912
440,2021-03-16,6932.057437404566,72833.68539989587,21.901220061948987,0.9028297764828198
441,2021-03-17,7055.243006171143,73881.4708047411,22.32656126729118,0.6743484400705411
442,2021-03-18,7127.378816929088,74135.13608854318,22.651103167870765,-0.7296954857518583
443,2021-03-19,7403.683589194346,74574.89130875995,23.81065184258588,-3.082856482628405
444,2021-03-20,7723.190466381105,74743.81538722596,25.12842570522129,-7.069309832407055
445,2021-03-21,7376.091407333226,69677.20209255336,23.662859649517028,-5.658580783309308
446,2021-03-22,6862.605483444017,71559.73510726076,21.600693511810263,-0.013973688144634984
447,2021-03-23,7206.694490120741,74529.22396505027,23.0165691917737,-2.548811818796941
448,2021-03-24,7207.7456507585985,70795.349770159,22.95329743516844,-2.3903710355831533
449,2021-03-25,6767.821433983765,69822.47967413158,21.076921540213544,4.015793738215499
450,2021-03-26,6799.468116771623,70754.22890543062,21.163643291472166,2.02326728192939
451,2021-03-27,6912.458626098027,71343.05930541793,21.60618441287488,-0.4209507701566852
452,2021-03-28,6864.885092687801,70989.43311994377,21.36840008076982,1.9350312803127219
453,2021-03-29,6705.798561106518,70534.23086325535,20.74585519061695,5.983423338313788
454,2021-03-30,6906.707329234133,69988.33827293038,21.627583994531342,2.7683793112278687
455,2021-03-31,6504.083371051619,73106.87208742215,20.29349178151023,5.064003467720753
456,2021-04-01,7016.805549618989,71833.48332694602,22.294301409065273,4.133917157658117
457,2021-04-02,3881.5344903834557,87384.44714127753,12.26122350345249,3.118636348413246
458,2021-04-03,7481.781798504368,73386.82948498978,24.59814940004076,2.327796537442044
459,2021-04-04,7522.230814988826,74208.98098706745,24.75766635159685,1.2479884722987504
460,2021-04-05,7373.123304566139,69322.64747286307,24.16149595943978,2.830911523537953
461,2021-04-06,7257.082747202068,68001.24524498548,23.714921950945453,1.8135243250077797
462,2021-04-07,7368.557459867121,68535.42515181997,24.100992954066935,-0.10826659963218663
463,2021-04-08,7427.691365295611,69230.37156585894,24.303899688260913,1.7173779816291543
464,2021-04-09,7475.900864463177,72871.1059125283,24.537592759927158,-0.4262503618496196
465,2021-04-10,7451.236884726527,69413.40073950314,24.445001551249383,0.14344742997500884
466,2021-04-11,7337.389372380163,68286.06745065197,23.862722584103338,3.4571219905859913
467,2021-04-12,7317.407079971288,70197.38904149865,23.770500442919154,4.236129903912364
468,2021-04-13,7106.536059100634,70176.40385735624,22.531696965284258,10.05719374435319
469,2021-04-14,7314.582480966492,71452.23487664804,23.099401027975976,8.157606233914015
470,2021-04-15,7496.45954469082,72993.84096316091,23.875780984306676,4.204941827547256
471,2021-04-16,7696.624448248404,72425.72526591548,24.64884217832937,4.016583203487445
472,2021-04-17,7575.335170667333,70434.36014451022,24.150597782471483,6.494572052956778
473,2021-04-18,7411.041598688415,70972.8012479259,23.499250515472095,8.502413033009685
474,2021-04-19,7431.160832488616,71144.63973822701,23.541234195173722,8.827338194022206
475,2021-04-20,7537.07356653164,70340.98484243776,24.017373633672616,6.884067238734692
476,2021-04-21,7501.218800988076,70269.95502965258,23.885130727519247,6.107687676433568
477,2021-04-22,7482.48972552576,70782.89003844773,23.871055018540122,3.837188357912536
478,2021-04-23,7283.652930223175,69998.31706702636,23.03892217844047,6.004048634915618
479,2021-04-24,7367.850240290453,69703.85046858653,23.435957797543892,4.758592047553607
480,2021-04-25,7500.249936063883,71362.53787497163,23.962628445644743,2.5845480086798456
481,2021-04-26,7552.3154510906725,73355.96130013486,24.224085495558565,1.6485703687649809
482,2021-04-27,7587.2769082941695,71881.6360296377,24.239988008289984,3.497187459350477
483,2021-04-28,7641.912844242659,72063.16587660232,24.530985928298147,2.379925464068813
484,2021-04-29,7630.270042062582,72993.2741348433,24.494218685334953,2.0559910886951265
485,2021-04-30,7537.720346483183,71760.02131673438,24.066980083974673,1.8199021331045893
486,2021-05-01,7430.684509333455,72827.2816928276,23.641311498879006,3.578627875021505
487,2021-05-02,7486.726657839636,73616.836379703,23.85259578972765,2.687365383380053
488,2021-05-03,7480.918791387107,71986.45113955087,23.810000124212436,4.066622734804854
489,2021-05-04,7485.069359226481,69185.83819059287,23.967311622255995,4.214182396204246
490,2021-05-05,7539.102392950559,68178.71861240592,24.21085913870056,2.9181638731371793
491,2021-05-06,7531.665827399472,69557.6476654843,24.078434628107125,2.0799988958905815
492,2021-05-07,7418.058060026373,70587.96695652544,23.636007376725573,1.410719221893302
493,2021-05-08,7334.783231095114,70707.99876294711,23.226316673703362,3.2997560215266426
494,2021-05-09,7362.932620868688,71572.6605998016,23.36906208285135,4.148746825700031
495,2021-05-10,7174.3137143372705,71197.16868917416,22.49800897716241,6.963763554717328
496,2021-05-11,7130.192199124221,69326.82064599251,22.230585688556424,8.8532492298692
497,2021-05-12,6391.435352347078,69961.77764140835,19.224980690034595,18.079478624075595
498,2021-05-13,5609.726194966362,71007.66628766616,15.671995781225476,20.40200862635782
499,2021-05-14,5798.443039109964,69235.56327759508,16.5441986695204,20.3968963977783
500,2021-05-15,6837.071747130506,67568.54146648695,21.12699107391109,14.701595006047981
501,2021-05-16,6491.288255740941,66980.55831384122,19.75673248610434,16.383079095942456
502,2021-05-17,6681.940218055269,67851.65533347036,20.470644011660827,16.3388533729271
503,2021-05-18,6518.647539463199,67882.79821841563,19.80324845827865,16.667899456603966
504,2021-05-19,6745.425377668912,67166.21055064423,20.699327528865545,16.155572045295425
505,2021-05-20,6103.209242417367,68074.17786959551,17.89556020130667,18.827838222828603
506,2021-05-21,7022.94917964219,66676.99303863797,21.933309213127192,11.62374693996923
507,2021-05-22,6989.463957217245,66827.9310877414,21.8366358104901,10.727304467192502
508,2021-05-23,7028.64102190832,66889.08169018653,21.927710423560605,9.671449576078201
509,2021-05-24,7095.938657765474,66725.14768060285,22.18742004410362,10.033282509434096
510,2021-05-25,7035.2866812283955,65187.7016662594,21.89927282338667,9.313824761443097
511,2021-05-26,7197.214588524781,66753.94949401564,22.51950318465944,9.635977864306657
512,2021-05-27,7366.793965288445,65241.62048412367,23.28285691084363,6.649226872508917
513,2021-05-28,7091.475591440957,67738.04292281825,22.06837025605774,10.540020907313849
514,2021-05-29,7104.424162452162,67641.74456883753,22.139357885592908,10.509203958443743
515,2021-05-30,7284.042310519137,66349.61528955339,22.952053518116116,9.189887145751277
525,2021-06-09,6532.140004617072,67284.69079375142,20.87189977761554,16.955038764451324
526,2021-06-10,6803.761968635495,67046.24861677692,21.82294070896629,17.281961448342106
527,2021-06-11,6727.13015813238,66944.14010072492,21.484771651613222,18.82745432689234
528,2021-06-12,6587.574923032892,66720.0308733292,20.88111193201908,19.385885666837865
529,2021-06-13,6697.01459382368,66733.6170593575,21.333645220142017,18.025980247619813
530,2021-06-14,6838.997595090013,67382.52901090716,21.81609298999251,15.119759559244647
531,2021-06-15,6829.857611287681,66999.06528027053,21.833737101694414,15.78659289387145
532,2021-06-16,6700.484567940021,68177.53359874837,21.332330561121754,16.59327451029109
533,2021-06-17,6863.109095921257,68355.2105055822,21.992588221433003,15.184495563933153
534,2021-06-18,6815.376361893183,69663.31738899341,21.68299959730535,17.618358657915547
535,2021-06-19,6593.179382347387,68985.38480258634,20.781716739034565,20.85763438008478
536,2021-06-20,6306.560607682418,68892.93937271608,19.63897584274775,23.954240664075417
537,2021-06-21,6188.905030639007,70302.52204093373,19.156463266149565,24.92191076061919
538,2021-06-22,5847.258415144804,69917.5241128842,17.665093858821095,26.49691865865597
539,2021-06-23,5833.403921099743,70585.86338233658,17.61174131002728,27.770301804991593
540,2021-06-24,6204.102116182414,67404.2120608626,19.140032740320443,26.45338802195263
541,2021-06-25,6582.173398706855,65239.71895151176,20.73372804705281,21.346499663137035
542,2021-06-26,6486.324970993921,66649.41797776485,20.35398852961843,22.55468037815438
543,2021-06-27,6531.65178849859,67784.75213056235,20.506994742000856,21.863042728427637
544,2021-06-28,6521.529794962405,68680.45053400677,20.486688752751455,21.118240357832946
545,2021-06-29,6527.053584535019,68266.15690604951,20.553599131748992,21.380369689921555
546,2021-06-30,6553.540734621786,66590.60675688002,20.66683959275301,21.05823061805371
547,2021-07-01,6478.674963577671,66896.52164021957,20.318599079973968,22.091616805705794
548,2021-07-02,6727.0675732331265,67714.35138215924,21.29956555226491,19.208862280235167
549,2021-07-03,6697.738689177227,68081.96518044305,21.184930072321322,19.652149937070117
550,2021-07-04,6530.687290880213,67245.10988984554,20.529400375478165,21.85574451344994
551,2021-07-05,6479.8071004691055,67319.44354829048,20.284426521997098,22.804335274011063
552,2021-07-06,6471.925174287443,68434.02802825203,20.26775030771345,22.968968393354157
553,2021-07-07,6361.826872498433,69382.08056624228,19.819673496348315,23.713925353006022
554,2021-07-08,6339.4958378758665,70695.56536267402,19.645784032625834,24.39641994787913
555,2021-07-09,6328.502820840943,68162.80222293605,19.629625418243233,24.779342173441417
556,2021-07-10,6464.958963483976,66771.48463221833,20.177852178466583,23.429885431818924
557,2021-07-11,6278.414220399178,67526.48733156732,19.412362830061966,25.2386083122891
558,2021-07-12,6160.89114764966,67482.78880068018,18.904903390052297,26.496189111165393
559,2021-07-13,6308.289886930302,67901.35087221928,19.540139866005774,23.778496126476313
560,2021-07-14,6236.69208331724,66632.39416897221,19.255681885615438,25.282601551249243
561,2021-07-15,6158.024099146429,66560.93504458948,18.84128692316946,26.610305649880125
562,2021-07-16,6077.462270321106,65138.11787733235,18.528225558486444,26.80567740628576
563,2021-07-17,6099.32989981191,64260.49189137452,18.769014343398272,24.33867425178522
564,2021-07-18,6401.506789329651,64073.059865063486,19.989329494762934,20.93481431480875
565,2021-07-19,6306.633564419303,64490.60986494164,19.702845362320073,20.28546886487769
566,2021-07-20,6452.210679205379,65562.96824112794,20.241433369652018,17.727663812214665
567,2021-07-21,6378.292834660166,67450.79030155894,19.86673570562274,15.774063558869514
568,2021-07-22,3745.8284994367905,80388.83876144915,11.356408396462198,15.300776639720603
569,2021-07-23,6671.235594763984,67261.75929047547,21.364472030092344,16.038619199152105
570,2021-07-24,6696.332696236339,67843.52613992391,21.390398704106065,16.583520573316367
571,2021-07-25,6769.589917548823,67858.28032730064,21.626230951186923,16.023778949084917
572,2021-07-26,6665.824575191284,67979.43902464397,21.053831521002362,18.40976082925025
573,2021-07-27,6431.744424951621,67872.04664778305,20.0280579113884,22.605134116823706
574,2021-07-28,6322.238359267465,68126.1865650858,19.504354779506144,24.323581399757494
575,2021-07-29,6461.408047341583,68319.02998536389,20.23668579842457,21.18484624851685
576,2021-07-30,6427.507399603034,67756.5431334307,20.10111724475288,20.415165511560698
577,2021-07-31,6457.35665938654,67816.88938548765,20.309316768645793,18.947135901737997
578,2021-08-01,6557.283520703735,67480.6944321389,20.737867834342115,17.20893811578669
579,2021-08-02,6606.301164796776,68316.21356484578,20.856693432542787,17.06666951521208
580,2021-08-03,6605.621644211962,68006.10630996074,20.91048197039475,16.959208997393535
581,2021-08-04,6678.839593583827,66966.44647995404,21.198513842200704,14.691704953506443
582,2021-08-05,6766.853985560142,66384.62756039166,21.450245666673617,14.879104133423006
583,2021-08-06,6802.702327329759,66326.44918642758,21.625200103252144,15.645898138735403
584,2021-08-07,6813.221838173475,66471.63457964992,21.606926603632804,16.544766573155442
585,2021-08-08,6882.767345591989,66098.12904883841,21.907667000392486,15.033898035380917
586,2021-08-09,6627.100059468238,67423.19877679837,20.823765146349853,18.71266296326285
587,2021-08-10,6681.21109040952,66191.28451814517,21.088794194420682,17.879529778936238
588,2021-08-11,6668.806591790349,64771.544984777414,21.032304177032835,17.893031694829492
589,2021-08-12,6728.276965730513,67208.13933164798,21.261583299255967,17.23432637250804
590,2021-08-13,6728.032374031177,66660.44067385403,21.23800901039583,17.8517576001098
591,2021-08-14,6561.7446268694575,67611.42129567939,20.491763355689294,19.60025924155175
592,2021-08-15,6712.517297275523,69063.52013677855,21.125083926284805,16.644194036234264
593,2021-08-16,6742.039936064598,68790.10232147222,21.309522806450204,14.484386378097897
594,2021-08-17,6703.414908030521,68202.76833026759,21.142538619545345,15.476703991149254
595,2021-08-18,6653.1563618375985,68075.67457145217,20.93292242599708,17.50208426854856
596,2021-08-19,6603.081074639745,68461.70792199472,20.780287865008727,17.212098497400717
597,2021-08-20,6719.245919794752,68351.94132868259,21.282194835188683,14.566935594981448
598,2021-08-21,6728.472897228766,68530.08165063043,21.293642190520714,15.032651202637114
599,2021-08-22,6854.93630897823,68605.5969070493,21.811481346270277,13.149121635380318
600,2021-08-23,6878.761305600754,67409.92287169847,21.91280485181608,13.134038158443065
601,2021-08-24,6969.769506257364,67646.1195845785,22.296095873957647,10.95240055518322
602,2021-08-25,7173.4450638745175,68064.48986339528,23.09978630593144,9.861311607294702
603,2021-08-26,7018.051736157332,67020.08568824934,22.44795102883443,10.480982230220585
604,2021-08-27,6991.005481428304,67173.4458190719,22.344686077387077,12.763864060130317
605,2021-08-28,7026.976036331712,68688.11105087562,22.448588418566217,13.27576372258647
606,2021-08-29,6935.891512162607,68539.58679402275,22.07250384758539,14.93500459608506
607,2021-08-30,6908.2750196177,68329.53274109651,21.9673890389849,15.018188293963933
608,2021-08-31,7002.352750291888,67139.92299430532,22.434362275908168,13.401246838807888
609,2021-09-01,6952.076607890285,67033.23131320538,22.178905662676748,13.582827635106932
610,2021-09-02,6947.136863055865,67685.35929526597,22.218305916669344,11.714848877469693
611,2021-09-03,7009.71884241056,67644.9773957363,22.47573750205143,9.55116991078611
612,2021-09-04,7101.444460607606,68461.36275281967,22.88027973830482,7.767374132992702
613,2021-09-05,7212.740644096607,69343.69253208747,23.280002965195465,7.270314496172515
614,2021-09-06,7171.1209728834365,69138.52197176153,23.09495070530263,8.351224112379336
615,2021-09-07,6979.542616662687,69278.0535053665,22.32497460912587,11.009911269591063
616,2021-09-08,6920.58591822961,69022.68554665717,22.017448046639768,11.47028350102353
617,2021-09-09,6690.204301361402,68474.2675039792,21.022209885867028,14.492484436261224
618,2021-09-10,6796.723406887488,69087.32212377968,21.50431397133977,12.726226512454817
619,2021-09-11,6952.155888804893,69606.66236544965,22.12419416825975,11.387486446956098
620,2021-09-12,6889.360227572411,69439.87943182541,21.86989208192023,11.850248628302808
621,2021-09-13,6856.537228353652,69100.3880520601,21.76911824618351,12.137484974192592
622,2021-09-14,6745.718804640506,68483.85334195425,21.415836325830497,12.207662851945875
623,2021-09-15,6991.850513578734,68127.7916713084,22.454711712256444,7.533936125720127
624,2021-09-16,7242.865554294512,69158.73225922049,23.3802983468224,6.30434923502545
625,2021-09-17,7269.191665572614,68926.16514313612,23.52767738755994,6.575138874517547
626,2021-09-18,7285.33625600175,67588.29484026525,23.590575473205178,6.054523912539714
627,2021-09-19,7284.091136985741,66605.1002825612,23.552886964620622,6.741900482192284
628,2021-09-20,7342.968461439598,66604.31193610452,23.79313354670143,6.106576352079172
629,2021-09-21,7392.235042545963,68617.17789928564,23.99399009177206,5.477477221135087
630,2021-09-22,7345.440357776714,69344.11626146568,23.800180312899744,5.400757006268628
631,2021-09-23,7313.2717029611,69811.86263628778,23.6738244683532,5.093856381673293
632,2021-09-24,7200.280670498508,69707.48691667302,23.240621821641806,4.522226583503068
633,2021-09-25,7008.246268339453,68595.1891290986,22.535370735629364,7.498621829773447
634,2021-09-26,6994.782510280481,71141.87979965993,22.47278716435128,7.413792934287687
635,2021-09-27,7140.015944468062,74038.300369186,22.96372519691552,8.647960493995207
636,2021-09-28,7247.452240462102,73497.85220884118,23.37253272746306,7.995484134692574
637,2021-09-29,5444.271628925565,81072.94118837401,17.03305306645097,6.438089922951119
638,2021-09-30,7253.247492289357,72240.85664504775,23.345820210255614,8.326061705603315
639,2021-10-01,7236.658602162427,71398.84983468695,23.31101361391513,7.858342801665885
640,2021-10-02,7221.947942576414,70697.23188003227,23.185602407070686,7.9124873218684755
641,2021-10-03,7100.139832109275,70895.83127862283,22.72449813952032,9.990783258117286
642,2021-10-04,7134.378800120289,69650.60462226647,22.8962624029046,9.3639264814536
643,2021-10-05,7145.212665963931,69626.52789606554,22.91952413673203,9.445852029062054
644,2021-10-06,7126.8807111627875,69748.02906564192,22.78394613805731,9.5396201521999
645,2021-10-07,7063.549472880608,68788.25780065625,22.579997652383778,10.557475631508114
646,2021-10-08,7080.868350360575,69680.56940612612,22.59109091603107,10.735257173508254
647,2021-10-09,7092.250763973715,70710.3886363345,22.53308814079148,11.073571017857113
648,2021-10-10,7079.570506384614,72727.41721639386,22.482975819522206,10.86714295407331
649,2021-10-11,7003.682743155713,69950.54173477089,22.274317036513366,10.880175176358627
650,2021-10-12,6998.85265180657,69298.99012965345,22.381856208030122,9.271229464341323
651,2021-10-13,7109.776001635389,69560.64797292282,22.856997976185646,6.147251734800545
652,2021-10-14,7154.659548282807,71284.3984597961,23.03108990232905,5.899133320065958
653,2021-10-15,7260.3210424400095,71095.76844439056,23.450585403247292,4.021022842405201
654,2021-10-16,7133.831857039897,68804.45000908342,22.94934192785915,5.4081384140573325
655,2021-10-17,7074.105643167297,68130.1187765358,22.698443108291293,5.148105275313563
656,2021-10-18,7047.058903192704,69536.39703913603,22.557592691399694,3.938006935314357
657,2021-10-19,7121.307546052119,72949.94531220908,22.835758196638476,3.0152551675420267
658,2021-10-20,7393.1652599204235,73836.74372278193,23.868236595022182,0.886914121120554
659,2021-10-21,7194.590827841453,68062.70676569978,23.152251983344797,1.1894538134439245
660,2021-10-22,3891.6786598341214,85857.21187986257,11.979761485791611,10.11383869675946
661,2021-10-23,7034.408638718337,69022.95005304225,22.80969079501008,5.896626515909096
662,2021-10-24,7402.316836300613,74485.812159741,24.217802125803043,1.289989476355887
663,2021-10-25,7704.7956792138475,75255.7253502251,25.340965877230303,-0.17179592431221608
664,2021-10-26,7296.0623310139445,71100.52454781372,23.624459779013726,5.743934249977356
665,2021-10-27,5534.335940921505,76603.68459004635,17.86513904712507,7.3955310275434885
666,2021-10-28,6669.688135195897,75835.43588627056,21.19427151360688,6.97905714379912
667,2021-10-29,7287.665893580944,74072.32268335464,23.641300544235698,6.081793859647153
668,2021-10-30,7092.002568824718,70948.18236115231,22.777024572100263,9.431062967721525
669,2021-10-31,7158.297872088951,71924.7959564791,23.072631567417826,8.059253508363062
670,2021-11-01,7167.291722961715,72204.5962466552,23.114829565137835,7.526143999344655
671,2021-11-02,7154.823724534544,71945.37039517549,23.03497726506177,8.187520959511787
672,2021-11-03,7340.315048120265,71044.76808557355,23.87705242830467,3.7659597977621364
673,2021-11-04,7334.5356078926525,69105.83398093755,23.784157308218326,3.753818905482722
674,2021-11-05,7203.546108852219,69939.99416149026,23.21366842617993,6.554699560696174
675,2021-11-06,7155.479617768643,71602.24809181286,23.182017643513287,5.848739993650427
676,2021-11-07,7208.228358976799,72871.47966125744,23.337263704031603,3.750719646680268
677,2021-11-08,7231.071305611945,73032.47683834619,23.491600153086686,1.27639446811612
678,2021-11-09,7517.519445062983,73787.39941163891,24.644977625798308,-0.3832254347020011
679,2021-11-10,7429.374939191249,74397.60875152574,24.23043635481726,-2.295141909094326
680,2021-11-11,5456.626283928534,72993.12693171875,17.59951009557261,5.178568270366037
681,2021-11-12,5655.7391623218955,78365.90717273342,17.387133074596136,4.835528063577822
682,2021-11-13,7252.1027139562675,75889.06536068462,23.567854799898186,3.7997190843938995
683,2021-11-14,7428.297281710061,77125.45193853855,24.132889988504342,1.6495792628880874
684,2021-11-15,7639.338905796564,77461.13803933063,24.991436468849365,-0.20511874532235735
685,2021-11-16,7714.067136420842,74675.19465709839,25.210977079915352,-1.2014903654089655
686,2021-11-17,7385.281903540703,74243.57041611506,23.85320748349947,3.658788980386376
687,2021-11-18,7274.41976951447,72599.72410713979,23.43595594574847,4.263073268526517
688,2021-11-19,7210.771672146822,72719.42823547301,23.303032355181045,2.24125480033253
689,2021-11-20,7216.670080357365,73424.37390816127,23.368352045668274,1.016124395403388
690,2021-11-21,7159.549494462571,75227.29112213774,23.230067917459042,1.278537239713065
691,2021-11-22,7382.115212738271,76245.37186241751,24.138453402295657,-0.8881715425165287
692,2021-11-23,7635.031623847638,75996.80210542842,25.11104144154173,-4.063136162439227
693,2021-11-24,7420.129823446447,73678.65899385003,24.188734834239842,-2.97682817350229
694,2021-11-25,7342.594279654796,73829.64021986538,23.896725175294588,0.01773859418454783
695,2021-11-26,7290.540515181189,72369.88532243746,23.668671896830276,0.17299755627059693
696,2021-11-27,7387.143598068756,76331.09139297128,24.15122037171247,-2.509384619316647
697,2021-11-28,7874.03110748245,75388.1162411738,26.06887631692053,-7.621717418439522
698,2021-11-29,7938.502788991823,74600.79282035033,26.245470837541276,-8.499476575911014
699,2021-11-30,7946.382436673792,73776.94480008887,26.244902813367666,-8.74011542369708
700,2021-12-01,7594.108356545617,74856.56409079497,24.96937924008896,-8.167075028536686
701,2021-12-02,7385.514692254816,77521.19977449969,24.24346253443875,-7.548073963009497
702,2021-12-03,7374.317354642789,79151.12778896192,23.898685005602886,-11.227402160875261
703,2021-12-04,7764.000551072959,76289.13877175507,25.645059796459158,-9.889643711846047
704,2021-12-05,8033.566030819889,76469.8002852071,26.678280032563737,-11.496714653247508
705,2021-12-06,8293.404989347646,78725.55413124648,27.533270230865888,-16.487858424932192
706,2021-12-07,8109.457866662865,76934.03636412937,26.832167235668063,-11.31072673442449
707,2021-12-08,8144.49081395108,77793.0258978,27.03160078595198,-12.881772491425982
708,2021-12-09,7891.383418449022,78916.77359515203,26.134743012520012,-16.20989559650973
709,2021-12-10,8303.153043323406,78264.70663725506,27.599964573975228,-20.487734668281757
710,2021-12-11,8198.324470758022,71246.63013491363,27.18305551931447,-15.150496790296383
711,2021-12-12,7819.306445946764,73228.14483249272,25.826869138013446,-7.228941760571555
712,2021-12-13,7563.896221828188,73633.17964242607,24.779148840155006,-4.44190536818685
713,2021-12-14,7515.4759796287035,75315.60461696661,24.512475064091785,-2.531583994689929
714,2021-12-15,6006.074703329099,73242.26325162548,18.181196239159412,0.2954581243609909
715,2021-12-16,7339.671650778964,69985.44061860222,23.791562368169938,0.3776676021150476
716,2021-12-17,7299.443829048251,71527.54622763443,23.666935819735237,0.581229130599042
717,2021-12-18,7514.712504415325,74274.20504246849,24.520068888257228,-0.7558148371580645
718,2021-12-19,7366.931356595504,73246.50161302034,23.88518722392934,-0.5853417694221417
719,2021-12-20,7499.710236081123,73761.4798618591,24.533222287082424,-2.8223850552894656
720,2021-12-21,8159.96604373263,74980.93500945203,26.967167194345087,-12.506556457496906
721,2021-12-22,8251.554224061983,75828.860818,27.262077659772082,-14.587954831230578
722,2021-12-23,8196.06023625981,83718.80430239077,27.189515454661773,-12.707261304039884
723,2021-12-24,7588.663688295794,70285.95382170363,24.815431040339867,-5.745280680765725
724,2021-12-25,7838.5540852597105,72876.05246734181,25.88276298161,-11.38313240083361
725,2021-12-26,8035.755306623359,74521.93817795915,26.531760383243938,-18.50404486523437
726,2021-12-27,8071.403037374631,76430.24005075952,26.652976268472923,-18.905137859737533
727,2021-12-28,8045.635122192151,74975.22391993532,26.54507536957098,-12.375425601805917
728,2021-12-29,8037.330080608364,69638.13635763517,26.528445270178,-13.860677517273455
729,2021-12-30,7514.527133124739,67792.59331586506,24.411472926317625,-5.402847874657959
730,2021-12-31,7527.053413066335,70353.14155162903,24.652214510815593,-6.291016774852287
731,2022-01-01,7397.841844690972,71878.63671118229,24.108662659766978,-3.5435537304476155
732,2022-01-02,7748.30869023599,75466.51520067346,25.46443412160903,-6.043709218178242
733,2022-01-03,7941.125527719012,73679.75780398739,26.200162513067802,-10.253939310193969
734,2022-01-04,7587.531138432543,69309.63790653987,24.871446047958486,-7.31602205963399
735,2022-01-05,7458.212743487284,69262.7460558028,24.379108280970442,-6.582093065294704
736,2022-01-06,7230.125281250179,71956.03627790046,23.461325436155192,-2.6295673109633007
737,2022-01-07,7574.423552577194,73871.9436869867,24.80548727518318,-6.922465457807417
738,2022-01-08,7980.401773216774,75935.01766642189,26.374171066216594,-13.85365482645355
739,2022-01-09,8050.124439650802,74498.26938440686,26.621362180463894,-12.939244834433447
740,2022-01-10,7936.668489651842,74437.20226047371,26.251235475653985,-9.186898145286964
741,2022-01-11,8261.26354378954,76445.55706940996,27.457263486490426,-17.03888632497986
742,2022-01-12,8228.407558080535,73758.81218838807,27.267020251882215,-19.905691039464923
743,2022-01-13,7844.333439403916,70271.81119473587,25.767554696289114,-8.247038524572693
744,2022-01-14,7161.589448105857,71448.57558703146,23.154325719581262,2.045283259435509
745,2022-01-15,7201.159642899646,73522.70139053567,23.402851909865078,0.13616095241619025
746,2022-01-16,7482.0164245330125,75011.97911552552,24.436675330379973,-1.8824963316211492
747,2022-01-17,6663.522615040788,73473.86648528236,21.614986491558383,-2.966816143935633
749,2022-01-19,7945.628958555973,75788.0364787856,25.87651226807836,-6.078940359753049
750,2022-01-20,7357.361145461675,71073.32802940067,24.017050896428273,-0.9843232350253126
751,2022-01-21,7202.663347704301,70416.67823624038,23.5030351026021,0.2177725772162302
752,2022-01-22,7477.154511521195,76303.34692887773,24.65008937226939,-3.6212161522231123
753,2022-01-23,7665.73765951696,76842.4432918432,25.238632867735465,-4.146943476495072
754,2022-01-24,7613.404213689015,73274.95770808084,24.987111556865507,-3.541194591836479
755,2022-01-25,7222.662196809481,70315.00164762903,23.29999765626346,-0.0784327086520827
756,2022-01-26,7583.735383503844,74289.02627886285,24.97411093260698,-2.5033721245701783
757,2022-01-27,7745.354678857005,71495.95713602909,25.583749335157066,-7.125104732955209
758,2022-01-28,7431.588175857178,69811.56650486907,24.400876207229498,-4.657501589761845
759,2022-01-29,7514.087738151429,73490.16486784598,24.761643328996726,-4.380294109123039
760,2022-01-30,7607.039164323995,70850.762381291,25.118995161770123,-4.800197264649254
761,2022-01-31,7398.465327490083,69614.01251381876,24.370658826412477,-4.414722491906329
762,2022-02-01,7567.316361001215,74082.77943171805,25.008556685303727,-5.5440125183385724
763,2022-02-02,7622.062895669807,74561.65538022421,25.15576250125724,-6.294967246142929
764,2022-02-03,7831.194854928271,73986.07818259459,25.997946324715933,-9.069398454237128
765,2022-02-04,7985.5952557760365,73893.91553536596,26.47631393812967,-14.199141177182847
766,2022-02-05,8010.782650412452,72887.84534690816,26.593711583728055,-12.573319337262602
767,2022-02-06,7591.668197650387,70089.6991053425,25.08065409810506,-7.159257310600326
768,2022-02-07,7325.644265292341,70144.99822061197,23.95785406666769,-3.0276808458767515
769,2022-02-08,7258.686015428335,71286.15000461401,23.747415955674292,-0.5205516419261863
770,2022-02-09,7309.960436803207,71514.63199072369,23.906740179585476,-2.149740882288725
771,2022-02-10,7349.7211275046475,70254.28190138213,24.06075541865476,-1.5049344397528812
772,2022-02-11,7347.793771867036,67728.71859593183,24.036964304237472,-0.7390992671824961
773,2022-02-12,7521.033305729539,71674.948690679,24.78893846944029,-3.8960919279753505
774,2022-02-13,7627.205231369526,71141.27720275377,25.09410798940886,-5.051037380249851
775,2022-02-14,7296.742287998219,69399.62630534006,23.75409538038148,-0.9975827365680084
776,2022-02-15,7226.999725322552,68685.13044501787,23.467423937854786,0.37812267960865886
777,2022-02-16,7256.48439475147,69430.79270413745,23.601908619307057,0.1998259395885412
778,2022-02-17,7218.473605647679,68676.41013936038,23.459588289724724,0.7746719473262746
779,2022-02-18,7043.62924402078,67289.21274188657,22.847127314737676,-0.2486954362750672
780,2022-02-19,7193.168279967816,69248.47705784281,23.42963354554704,-1.58856764125483
781,2022-02-20,7173.623345542106,70728.6428676349,23.371693541963882,-1.7038858538770967
782,2022-02-21,7403.271820289013,72320.7953902381,24.210528448597,-3.5184872674490997
783,2022-02-22,7374.460267940037,70569.51366392599,24.12307989509869,-2.880727920859048
784,2022-02-23,7362.231028965645,71288.95968540262,24.0895871184591,-3.3639622870233246
785,2022-02-24,7769.362641263931,73131.40947638515,25.648051219552674,-8.939668392253045
786,2022-02-25,7350.752441996845,69245.95621186896,23.929913860582104,-1.9900230611781946
787,2022-02-26,7180.4780260533125,69142.03748165023,23.24542927043448,0.0929401606226067
788,2022-02-27,7578.257312035153,75614.29340612817,24.88758204240209,-2.7229743875032764
789,2022-02-28,7855.404210179614,72328.7792293337,25.893642307618,-5.045134783876002
790,2022-03-01,7505.022800022192,71679.315047176,24.475821104389162,-1.352546939278128
791,2022-03-02,7455.499124269949,70266.2829246162,24.296836364720647,-0.3821694459773392
792,2022-03-03,7427.215535079825,70209.97546359173,24.212348074196697,-0.644342969099731
793,2022-03-04,7458.835678724943,73037.35050067947,24.408647279701764,-0.8502692834014949
794,2022-03-05,7728.006090436677,72026.80169081691,25.520244463372208,-3.162580300834187
795,2022-03-06,7683.452335434865,71192.30042547139,25.3224064733871,-5.490868860290368
796,2022-03-07,7458.336743350105,72701.50028773665,24.356020189284433,-1.9052670352989882
797,2022-03-08,6972.556206786547,75487.40340244026,22.636620080478853,-5.546733203326633
798,2022-03-09,7539.273248102057,71731.68053040633,24.78138902530157,-9.45935356163325
799,2022-03-10,7450.792250555489,74501.26917122584,24.475182128001045,-5.636098280870232
800,2022-03-11,7363.050004817882,72130.86137555957,23.993994141816604,-4.894688477986845
