,A,B,y_fact
0,-1.557869820612014,6.712148054505915,1
1,-0.8096029127026539,6.970082457108611,1
2,-11.329496779435331,-5.817815406512877,2
3,-2.2399913984843263,7.94813486019623,1
4,-10.406406191635625,-7.108680433153233,2
5,-0.14411238492667855,-3.5275594351911974,0
6,-0.017826413693408205,-4.928430633266872,0
7,-2.2046580673612124,6.3874427835165,1
8,0.6479682720513171,-4.684882338571058,0
9,-1.362763734749313,7.405072019017478,1
10,1.4581249621344354,-3.3014311072038525,0
11,-0.05138039184871146,-4.144981176697714,0
12,-1.678200706243294,5.842114859494303,1
13,0.5651947874268508,-2.933001736419767,0
14,2.151008592433778,-5.5625833439411965,0
15,-1.8972947047404465,6.574446931145875,1
16,-1.2737527785842389,-5.116262439805586,0
17,-10.046300148466171,-8.16907299120097,2
18,-10.065093202624398,-8.242948769824018,2
19,-11.849178571985494,-7.786502076311764,2
20,0.4713738859561676,-4.466159325462742,0
21,-10.25902033963435,-8.113386698006106,2
22,0.3337050005162503,-5.6952165836002955,0
23,2.8871849525491697,-3.6852088798841227,0
24,-8.172081550688395,-7.230803155140795,2
25,1.572634263624608,-5.504347865711987,0
26,-1.2876007361114412,7.79782617892368,1
27,-9.989317040518108,-6.201099554865049,2
28,0.26102007581727826,7.61163356074774,1
29,-10.144550332297952,-8.82751159772387,2
30,1.5826308838110057,-6.222616217200234,0
31,-8.795436323512172,-5.84738638668591,2
32,-10.317921982290166,-9.882275896498713,2
33,-11.94812263021102,-7.390869693922495,2
34,1.115966260767316,5.778722006247184,1
35,-0.48772298890274346,7.088517652296375,1
36,-1.0792902914737783,6.957130332664002,1
37,0.20616112089339467,-0.9673851496447603,0
38,-9.313413987615775,-7.271788393001485,2
39,-2.2721389444008437,7.535293213817012,1
40,-1.6422628388345448,8.141449973596753,1
41,-1.6647909939673986,6.826872393596607,1
42,1.8318433668966185,-3.1788861638606267,0
43,-10.979844906253692,-8.818523898864443,2
44,1.2915561176569588,-4.592129663127408,0
45,-1.0049179885615516,8.173229405431295,1
46,-10.505967203824051,-7.793378633182169,2
47,-2.2300301772809603,7.20922009342225,1
48,-1.2331452329737846,6.31025490985975,1
49,-0.11839183602834047,7.502089907088408,1
50,-9.00985712145548,-6.63038959160279,2
51,1.96178548547803,-4.662130051364033,0
52,-8.349734076396604,-6.822748999361525,2
53,-0.06476210631492785,-4.302191380870252,0
54,0.3353064630366992,-4.266970512068679,0
55,0.16486188475316343,-4.18840522732811,0
56,-1.811947504040342,6.357211252712266,1
57,-1.7981885151821624,5.966024962266809,1
58,0.529115303726398,-4.57492460565958,0
59,-9.313571316864472,-6.3087382078207215,2
60,-9.11256232372871,-7.610999942063996,2
61,-1.1805730867847872,-3.6488262199436,0
62,0.2797480209850012,6.510095271374028,1
63,-8.88469889595331,-8.080978347632806,2
64,-1.3962224154247613,6.126006666704857,1
65,0.35185979411204804,6.971202341312178,1
66,0.9563287702447937,-5.035371667947791,0
67,-10.239380150626895,-8.654712056226156,2
68,0.5696631647269813,-4.834902219721259,0
69,2.5206844772181194,-5.2754319857239995,0
70,-2.6700987746136873,7.189944735437856,1
71,-0.9282890120167503,7.00773091911593,1
72,-1.2297744275628772,7.3560665487871395,1
73,-0.7674305635615133,-5.476822175833394,0
74,-0.3428501565199902,6.170589568763191,1
75,0.24124493109100797,-4.707552106013675,0
76,0.8046935144653315,-3.943558696233958,0
77,-10.13286995354862,-8.71417809210327,2
78,1.2237432247458995,-3.1044801849804253,0
79,-2.523367887455281,7.09211771548243,1
80,-10.392473876853336,-7.541590385159177,2
81,0.9373497976538351,-5.5942142448523535,0
82,-2.7814598529769565,6.652320331355647,1
83,-1.0943494833888638,9.461440006575682,1
84,1.8171036123245685,-4.452009884086542,0
85,-9.34529664999028,-7.563854002627216,2
86,-9.049467319343984,-7.619960497041924,2
87,-1.263215824165893,-4.169535608690789,0
88,1.0610160276426153,-4.781071228776447,0
89,-2.611556147819335,8.734762259012358,1
90,-9.895756002707452,-6.6151972467564715,2
91,-2.140403775669859,8.751068186768237,1
92,-1.2357284759421248,6.67290597948358,1
93,-9.832341251226739,-8.942728566042467,2
94,0.556751775250634,-5.857267886803772,0
95,-9.31115597591588,-8.717613903862452,2
96,0.9857072920858729,-5.390780633705424,0
97,0.9746964581186185,-3.89035496493716,0
98,-1.7616828777296945,8.563702087652409,1
99,-2.386727889727914,6.54614210738707,1
100,-10.36418524795085,-7.483857319848649,2
101,0.33180847339617037,-4.325469762851146,0
102,-10.38714295527095,-7.446484218957903,2
103,0.44438373587588825,-5.61859586305325,0
104,-0.49637773619160197,-5.25614572212588,0
105,-9.117435859277773,-6.520368523879446,2
106,-7.984683702151969,-10.04000312662037,2
107,-3.8505737014191608,6.475676566851624,1
108,1.254832476022563,-3.7601158555907346,0
109,-10.390492902156849,-7.383094361009208,2
110,-9.295441917665885,-7.5466341806261745,2
111,0.7359987974289895,-4.811348596580792,0
112,2.4638617370997276,-3.4448652707836613,0
113,1.2277225792365882,-3.719864296934314,0
114,-0.8240660912912112,6.675449550400331,1
115,3.589432445685872,-6.405476346202457,0
116,-2.8366966839142598,6.588418332740125,1
117,0.3236596741468444,-5.100784034937504,0
118,-7.664127497521305,-9.653256716791903,2
119,-9.954243821332874,-7.852139490789326,2
120,1.6599780372371291,-5.750240023462723,0
121,-1.6388214743541478,7.72637524741682,1
122,-9.179847767565027,-6.216029227092834,2
123,1.081191084069702,-3.1042792059859616,0
124,-10.289709805501547,-7.164165915973104,2
125,-0.7179913230862688,6.921570596123291,1
126,-10.50041656147122,-8.687363877765366,2
127,-1.8773080385397491,5.009234278890312,1
128,0.20861477335637357,-4.841678091228685,0
129,-2.1351815855502823,8.086254255023956,1
130,-0.7720775174844599,7.648441075922091,1
131,-0.4282929713308421,-4.337472854558624,0
132,-2.234405551943664,6.881716876113373,1
133,0.8545409177888577,-4.056715470796122,0
134,-9.250212806276934,-7.050671406914529,2
135,0.08916452520323515,7.199828325993201,1
136,1.5582203060440163,-3.7457222319856722,0
137,-9.698273848290986,-7.976623305134764,2
138,-10.262499887796197,-9.78618608458707,2
139,1.196801291892144,-2.984610877248028,0
140,-2.0101225964313247,7.583148597451424,1
141,-8.145350157898669,-6.5509890884244575,2
142,-11.125975264302406,-5.464086587464813,2
143,-2.456787451190283,6.4293669441819485,1
144,-10.436251107925997,-9.146375496385453,2
145,-9.144161970330034,-7.046383649561347,2
146,1.2925170840974123,-4.366167995793008,0
147,1.9936542888019069,-3.5055589993238243,0
148,-11.621163353276865,-6.879191073684103,2
149,-2.4289868685389315,5.250462896024074,1
150,2.1384103805118198,-4.401734545143439,0
151,-9.703752057688257,-8.747732489620375,2
152,2.712622042074985,-4.768755926601034,0
153,-7.141767233556159,-7.464451296927082,2
154,-2.6711301352540504,7.260752457838375,1
155,0.23865297518997008,-4.734896722985776,0
156,0.3986926131313276,-5.8583685795704215,0
157,-10.529729752674907,-7.996401314324967,2
158,-1.8801369401950567,4.969434381219269,1
159,-9.406858770413116,-7.49649265624979,2
160,1.8830511245665098,-5.797955539947093,0
161,1.8984912621323873,-4.372897527431141,0
162,-10.830966857525745,-8.821032528238877,2
163,-0.04489048679660779,-4.882980621139184,0
164,-2.686573076275325,6.705994864104976,1
165,-1.6136998305923986,6.970825022208864,1
166,-10.235165908814079,-7.113788412840844,2
167,1.1895431071136788,-4.199092928907586,0
168,0.10809377640570839,8.662384398070676,1
169,2.2336890350119587,-4.991307633840834,0
170,1.298712110953374,-5.623396552984268,0
171,-11.298550763982224,-7.231719389292622,2
172,1.0526175263832516,-3.495530097015125,0
173,-9.96268156800721,-7.537401531346355,2
174,1.4450328957623428,-4.346087449516505,0
175,1.6989183995141717,-5.310880465665807,0
176,-8.090499444850803,-8.568646512265504,2
177,-11.165175264422416,-6.9996277681374535,2
178,-10.49226839772642,-7.538085641985812,2
179,-2.54566375956073,7.253941076471172,1
180,-0.6637347145983912,7.2190352128066495,1
181,-0.03053120389979358,7.371469006665132,1
182,-0.15128699156804726,6.597463746221039,1
183,1.4072712810960186,-3.233788359607309,0
184,-9.560902285994894,-8.329086962495975,2
185,-2.1850095778408063,5.778175787223202,1
186,2.808721640487173,-5.474486669215244,0
187,-1.311690111628614,7.358654560234318,1
188,-1.979741349635027,6.1763165191118485,1
189,0.41538554070222805,-3.745019511372753,0
190,0.9444218015552566,8.377177639467964,1
191,-10.037936237541304,-8.181764870650907,2
192,0.7453131355548798,-3.5208157358107686,0
193,-10.346737357148498,-7.556669254839139,2
194,-1.063314021109739,-4.408396957520014,0
195,-10.91580471888874,-6.2377644956638765,2
196,-9.242811110027887,-9.631561748941799,2
197,-0.8305101213492301,7.3880848984251335,1
198,-1.1727773788304436,4.965299375303855,1
199,0.5482677887012204,-5.580353898000664,0
200,0.07113790582656065,6.200183012874997,1
201,-2.3667307354113825,7.5631107386341485,1
202,-0.793810885273498,8.246324011415147,1
203,-10.717901545539616,-8.934117462437108,2
204,-1.6601362454850006,6.007561511633428,1
205,0.7164088705406434,-3.089375415002817,0
206,-2.714370714693451,7.9994537448751375,1
207,-9.228593007686898,-7.631911823103218,2
208,1.907737730705194,-5.363581950896698,0
209,2.164361422218366,-3.4803366720421867,0
210,0.8932907390938527,-2.915076169769821,0
211,0.73850227680564,-4.603442705811516,0
212,-10.6441764091607,-7.370990162825305,2
213,-9.345499715150233,-6.579704690046336,2
214,-0.11261707058656256,6.033600672104212,1
215,-3.0021683586384524,7.137568481765968,1
216,0.3368184589673989,-3.402879612990731,0
217,2.0450513495100564,-5.598044031627648,0
218,-1.2997887004346602,6.2440790621988596,1
219,-1.1654347219787549,4.897240558765828,1
220,0.6860780009949258,-5.43599301585412,0
221,-1.5678380399396883,7.973326233711548,1
222,-1.1932345857293984,6.05502667463733,1
223,-11.107268020488249,-6.416321532492997,2
224,0.1407919301043723,-2.9142502281979006,0
225,-9.329758538177938,-5.264971992976508,2
226,-9.592678068567484,-8.935073411549004,2
227,-1.7657635993475955,8.250148953232443,1
228,-9.295082315876861,-7.162346550000436,2
229,0.6293859665046291,-5.861679196572368,0
230,0.3572356423314158,-7.184649960802004,0
231,-0.31031537426349987,9.620543453747839,1
232,0.2845037854966439,-3.615765226438298,0
233,-2.0468673358598584,6.025565991870387,1
234,0.8394933095355123,-5.684889812232176,0
235,-1.8693517704544744,6.047867735116013,1
236,-1.0588851994615394,6.056044921986833,1
237,-1.3666912325658929,6.83389508005768,1
238,0.5829179656966073,-3.952200886852556,0
239,0.42194497638691153,-5.672532626410003,0
240,-10.751904416325637,-5.16538973459083,2
241,-2.0424894439048997,7.447045474726109,1
242,-1.5693463246301371,8.0013590929955,1
243,-0.19969586126409689,6.209126780879595,1
244,-8.97971059701179,-8.558086864302993,2
245,-1.5205152378648013,-5.294411478029883,0
246,0.8304321652220695,-3.6010792682189336,0
247,-9.043461208500949,-7.267116024182244,2
248,1.1564762560466328,-4.77169773140044,0
249,2.0437083165656444,-3.952916089666818,0
250,2.1082886540314285,-4.329183280307889,0
251,-1.98701704214373,7.7781958881742845,1
252,-9.61263729177892,-7.621770895498606,2
253,0.4121304857743395,-4.10592059902441,0
254,-2.087420902103788,6.652311531411303,1
255,-8.826218602905811,-8.402546939077302,2
256,-9.314057564043202,-7.427887266750529,2
257,-9.401043110710072,-7.6049864182483295,2
258,-10.498729231193103,-6.054795649335171,2
259,2.902706397324242,-4.98332671003867,0
260,0.6987458181887903,-5.318310192319905,0
261,1.616423022543085,-3.517955655012794,0
262,-1.1659311523953038,8.643044732782341,1
263,-10.141859719584021,-7.903237914755456,2
264,2.539890024433977,-4.745620029699831,0
265,-1.9304647947602551,4.302473258574889,1
266,0.5418607766170062,-4.3769362832693,0
267,-10.11968718100987,-6.536600002186803,2
268,0.6162196966060958,-5.275048036375375,0
269,-8.668170335321593,-6.498648482648489,2
270,0.5992224364509913,-4.13062930611808,0
271,0.6323478659510289,-4.610395223297919,0
272,-10.174660717662142,-7.441275644834034,2
273,0.00935512886690959,7.448021065264614,1
274,-8.531404781046886,-8.82635330368238,2
275,-7.1709008081154435,-7.9126980562497735,2
276,-2.343129830432751,8.06070442764463,1
277,-0.9678088599136059,7.4661779110282716,1
278,-0.25936031407358384,-4.208097877391308,0
279,-0.3126991917713231,-3.2516101363067786,0
280,-9.854219308340149,-8.028771542354288,2
281,1.4117267680891432,-2.9077496975758157,0
282,-2.499159331891231,5.801681563949523,1
283,-9.61018211679468,-7.0248065397129436,2
284,0.1571964132203416,-5.038796408233838,0
285,2.644092421326075,-3.9195379192844317,0
286,0.37037215136245943,-4.442459585595558,0
287,-9.280206703043104,-8.979340611482376,2
288,0.6035151554548432,-4.079607114662645,0
289,-2.61013613124105,7.5293934601831465,1
290,-9.32004926907128,-7.834589110782569,2
291,0.6786030049961334,-4.1776108538506955,0
292,-9.867252852369212,-6.4799898584958555,2
293,-1.741214197358969,6.643482546897521,1
294,4.726038509308949,-1.3570384046916533,0
295,-2.2187882794806058,6.150633473068216,1
296,-10.504701324776676,-6.895875048305348,2
297,1.6477251394830046,-4.87073321447292,0
298,-0.03715480495990087,-4.219546379027872,0
299,0.7706630882218439,8.588113274383018,1
300,0.6760297535800885,-4.666681188823179,0
301,-0.9527599822525642,4.240981213384401,1
302,-8.335889493923256,-6.474083361465252,2
303,-1.54557654795881,6.242050324136767,1
304,-8.597809794465887,-6.972933532001662,2
305,-3.7138751050948855,6.77215976919452,1
306,-1.3898441460674467,7.295857591606896,1
307,-8.904594599790443,-7.711638984095632,2
308,-9.530840932247205,-8.590612912864021,2
309,-2.6506151461631755,7.481588607665202,1
310,-2.32129018076225,6.80234911945597,1
311,-1.7260097765324145,5.880033289281411,1
312,-0.023241865981320498,5.267304874588456,1
313,0.7590248732516836,-4.490778415276638,0
314,-10.467904849883151,-8.214331630418105,2
315,-1.6281174851391913,6.768922015272096,1
316,-10.442607649345005,-7.749476629709648,2
317,-3.7609833541608553,6.386397428529598,1
318,0.7340112657108819,6.4125260475151125,1
319,-2.3031564642478743,8.144035709509506,1
320,-8.664040555698206,-7.298640138738983,2
321,0.13793255559447137,-4.2982294866804605,0
322,-8.783064005534587,-6.727297389950257,2
323,-9.215271056661706,-7.733869153586712,2
324,2.1455508676842037,-4.878200561930653,0
325,-9.990166657950159,-7.502801675229802,2
326,-11.80674260940926,-5.901504508273408,2
327,0.5470098451091563,-2.2503363872895754,0
328,-10.88678340643647,-6.989186895209794,2
329,-0.6254763668125201,6.357042701740691,1
330,-9.549181764057012,-7.713360140132712,2
331,-11.088986677308469,-6.587396673683025,2
332,0.39907103207169964,-3.6456308328803635,0
333,-9.307765162846051,-8.877524504359117,2
334,-9.556817527094209,-8.428711933766902,2
335,-7.97003422724878,-7.445125730940333,2
336,-2.519563548597411,6.8114635636456375,1
337,1.3954865234480107,-4.734363693010979,0
338,-1.2648115380884093,-3.673407966722121,0
339,-1.8063779441424588,7.149864683456722,1
340,-0.013699553663708786,-4.413973348636017,0
341,-0.3199187614984107,-4.982358491659567,0
342,-2.4633859065582655,7.35572975183703,1
343,0.03090734596259681,8.581762921473581,1
344,-3.5785386803732515,7.529135759126786,1
345,2.3235202965570827,-4.191105410248631,0
346,0.35043851209992727,-4.130435472915805,0
347,-1.3003718905474237,6.964390267458782,1
348,-9.723961084435047,-6.147569260844851,2
349,2.105352348506693,-4.8888043642650105,0
350,-2.0792218321969567,6.747229689003296,1
351,-1.81194802463414,4.803600400447391,1
352,1.3910966403400602,-4.448957700881564,0
353,-0.23405086171220169,6.426535491334436,1
354,-11.532640072441527,-8.584853451464532,2
355,-1.4299381759290248,7.3847564112316535,1
356,1.0044963724127436,-4.769950709260806,0
357,1.8242488144675741,-3.2292917054887145,0
358,-9.612842497604849,-7.895798254083839,2
359,-1.488221334988304,6.633232307410284,1
360,-7.949252624246813,-7.317996543583604,2
361,-10.339950526187042,-8.63682178265694,2
362,-0.8394916346851949,6.358617875068192,1
363,-9.984452074112925,-6.84067854846214,2
364,-2.1809467504831925,6.4706354381498405,1
365,-1.1358436843161457,5.950770249211615,1
366,-1.0803288984086719,8.244310514688173,1
367,0.5900651187091792,-3.6669168720154954,0
368,-9.495784041757883,-7.570140298877864,2
369,-12.925101165308112,-8.372096492759908,2
370,-1.9240476782717866,6.333937852145875,1
371,0.9608752607866583,-4.242893506144491,0
372,1.0904984443746135,-5.875829293349414,0
373,-0.8824525534650848,6.050913977601013,1
374,1.2291242521646877,-1.855634619092922,0
375,-0.026469268882945762,7.433994114038159,1
376,-8.548804016510658,-7.053937939285529,2
377,-0.2123976483979919,6.672616122332014,1
378,-2.1878990929173594,6.873510179350022,1
379,0.02490480790397176,5.8582811173494775,1
380,-9.786050509186714,-7.476314497223455,2
381,-10.786626488528777,-8.081702721443115,2
382,-8.132908672709998,-7.418527160622842,2
383,1.996513587685281,-5.359860897491851,0
384,-2.6542964746455744,5.972673053204973,1
385,-0.9697483080023123,6.4003252720091055,1
386,-1.8639684572997153,8.518157124432157,1
387,0.7603226418561464,-3.9096949349730936,0
388,-10.699746351535582,-6.688381282144416,2
389,-8.263769439455665,-6.5898359875783665,2
390,1.2595374550912284,-4.105366945147626,0
391,-0.77644710331733,5.100300314961297,1
392,-8.943185780597146,-6.66191677224061,2
393,-1.6248045282138264,6.9060593438452695,1
394,-9.486723569369598,-8.602689103339712,2
395,0.5396907564275789,-4.1471633035778135,0
396,-9.54267149306856,-7.813549242272474,2
397,-0.222877117195599,-4.959615718322739,0
398,-0.7166962874331569,5.357837823748675,1
399,-0.15510000540011815,-3.894146286882473,0
400,1.537046144883455,-4.152289994620343,0
401,-0.9674471973628629,6.91666003020154,1
402,2.5717228239400134,-5.154763068179831,0
403,0.04049709831938497,-2.1404186523130875,0
404,-9.061085300096797,-7.915236885372992,2
405,1.6244757237467287,-3.6083230966194435,0
406,2.4870804964945683,-2.8910071236106702,0
407,-0.8011218548848604,6.7184780097510375,1
408,2.1063612489555474,-5.718186158537934,0
409,-9.655405007818429,-7.046321836245686,2
410,-9.664543953645897,-9.010139085998546,2
411,-8.431907353707757,-9.25154588114155,2
412,-0.20156743082085393,-4.206773552353327,0
413,-10.747524394164735,-5.87933788867738,2
414,-10.545464145405509,-6.875573608569339,2
415,0.48187893033001833,-3.0876620261798786,0
416,-10.036350299001935,-7.4980658068217,2
417,-1.9190221741666145,6.542204918306331,1
418,-0.9538417127952448,6.595806795059554,1
419,-9.651554537905376,-8.218330041261957,2
420,-1.7142379634857685,5.992001920591668,1
421,-1.5498436602930978,7.780612538266738,1
422,0.6819171912764406,-2.434660780355344,0
423,-2.604516674576396,6.548168382710849,1
424,-1.0894089345555589,5.187807756012806,1
425,-1.3819363744903106,6.066340083038305,1
426,-1.0218334200407468,5.773533408663646,1
427,-2.283244158347745,7.576239078032991,1
428,-8.065651393274662,-7.273557792885597,2
429,0.7801034303176677,-2.478182209221264,0
430,-11.531152573358408,-8.418220417610128,2
431,-9.176068892399268,-8.058980802853567,2
432,1.3954679686437221,-4.806915181871824,0
433,-0.917308763806369,6.770340207449328,1
434,-0.8265505018470671,7.251706381259049,1
435,1.3668493246235367,-5.51043837519126,0
436,-9.946630332042105,-7.90859535991674,2
437,-2.636133648049223,6.293820148530367,1
438,-0.7498522782060075,6.686900914544981,1
439,-7.182964890687172,-7.856530273931494,2
440,-9.66719716411599,-7.685225117642798,2
441,-9.31798400094675,-7.424008436725275,2
442,-1.0605493507728692,6.072434785403067,1
443,-8.681665132787039,-9.135460871423414,2
444,-1.0117397729463649,4.557249259675718,1
445,-9.772776568053569,-6.928552307216717,2
446,-3.410017876481765,5.871586227140893,1
447,-10.461634509067503,-5.533504629042744,2
448,-9.654897691360608,-8.313431575075299,2
449,-10.226569055890465,-7.6008050138256085,2
450,-1.9009909247000103,8.070944695030844,1
451,0.4902096554400628,6.105049935508412,1
452,1.270816348483752,-3.837420783450557,0
453,-10.497304994058743,-8.825124000634723,2
454,-10.641021349529613,-6.136172411456693,2
455,-0.4878090197779912,-6.144195351241647,0
456,-9.580734453965814,-6.81892892334064,2
457,-2.6180198254761997,8.05864838077176,1
458,-1.2917557296884858,7.971463564551442,1
459,0.7302401394882768,-4.504106415869375,0
460,-0.46896666705349954,6.62845161282839,1
461,-9.960535394083234,-5.1578602527793045,2
462,-8.259472222367322,-8.762985865817356,2
463,-1.7312566325990757,6.118753685161726,1
464,-10.843919230000983,-6.118566362662783,2
465,-2.246910346594669,6.888924442910458,1
466,-1.2779339261570244,5.366631507348016,1
467,-3.5751082087675936,8.54347483610789,1
468,-10.708372279413773,-8.084039557137137,2
469,0.3196065555440992,-4.485247267896529,0
470,-0.7839908929706421,7.777436758805835,1
471,-1.3705614344628656,6.831009550884417,1
472,-0.867971526614277,7.856906299013211,1
473,0.02065284584218463,8.72825607652733,1
474,-8.979137680723765,-8.64760329555022,2
475,-2.635587781348291,7.009059027026004,1
476,-10.873662532700644,-6.742546245480186,2
477,-9.749907318282196,-7.423867769626706,2
478,-0.9507823970683721,5.524199399250955,1
479,0.7912584961141119,-5.126000149234562,0
480,-9.291337728060414,-6.6835150693883785,2
481,-1.0608593974439244,6.339454486932965,1
482,0.13576102557091596,-5.080604411169289,0
483,-10.599694864208601,-8.04334559286953,2
484,-0.07194732572545948,-5.260544662489948,0
485,-1.8319569347377247,5.299641277366034,1
486,-10.697345103142595,-6.766857813348555,2
487,-2.105216638231577,-4.399295019985214,0
488,-11.325803931102893,-7.370881457555481,2
489,-1.9168497569789915,6.367189294739167,1
490,-10.039559534222645,-7.790760292651491,2
491,-0.7868979634171616,-2.955476915836438,0
492,2.390641928629778,-5.4490934103047,0
493,1.8396523990686138,-5.490991740845952,0
494,-0.855552597988051,-5.458149552891094,0
495,-0.5560615333178748,4.6904191818225796,1
496,-3.776533140812165,7.854805810563952,1
497,-0.6859355768948637,8.850578090276155,1
498,-10.667968053386668,-7.410266992891021,2
499,1.9588934631607868,-6.278953912677913,0
500,-10.005760686963715,-9.08206668212467,2
501,-0.5567800940397957,6.349725043571287,1
502,-9.543583962310258,-5.842221191426503,2
503,-1.5002177645625554,7.27968701135939,1
504,-0.7454796670028672,-2.9618984315119485,0
505,0.7887325197635534,-4.750897611739612,0
506,-9.351120360759518,-8.330520158162688,2
507,-10.107235907125995,-7.067746628840638,2
508,0.9553568165715137,-5.762057915920316,0
509,2.07941734320427,-6.274846472158677,0
510,-0.13591697085951182,-5.744710829650722,0
511,-9.89705229744343,-8.168116447758534,2
512,0.7920753700946853,-4.428654704136478,0
513,1.044469313974351,-5.308343139722854,0
514,-2.401238951007552,5.848437261946994,1
515,0.6192101687612008,-4.882788733135728,0
516,0.14057758496480477,-2.3671261608373477,0
517,-7.955969545391876,-7.198372270581618,2
518,-9.387420408097999,-6.739561701341564,2
519,-8.633828607898783,-6.536234496577407,2
520,-1.6543679504620994,6.958922573521423,1
521,-10.398578593046366,-8.44924849318489,2
522,-9.000596457227164,-7.008164187289662,2
523,1.6268202799083618,-5.531216533694212,0
524,-4.128928788608346,7.48168797356794,1
525,-9.196854468907267,-6.935956429027905,2
526,-1.8754487777581348,9.170630630678977,1
527,-0.7780846302700275,7.103616329850241,1
528,0.7132503809848157,-4.518667941496619,0
529,0.7716239223851558,8.049042533453669,1
530,0.8754133990482117,-5.04555103360224,0
531,2.192336857915582,-4.700204219898054,0
532,-9.567821682484409,-7.360702249688978,2
533,-2.179548098567848,7.691276508081354,1
534,-9.111372920702477,-7.505285363329711,2
535,3.41738453459301,-6.07028792226123,0
536,0.28927301102832026,-5.632063497318009,0
537,-2.0762894627330626,7.526265626167698,1
538,-8.948182026687427,-8.403391084393704,2
539,-1.9535020045802405,7.528067443370572,1
540,1.7441500212316163,-2.276392304776064,0
541,1.0010611162556127,-4.515510823128749,0
542,-0.9645697134980158,5.967990643110085,1
543,-10.078337438165883,-7.236805831461654,2
544,1.557020197977253,-4.391337723921377,0
545,1.1069948188489522,-4.941065183276332,0
546,0.6830847249221947,-6.919763833346847,0
547,1.5990991796541174,-3.0710561729787464,0
548,-2.320670475557649,6.790786588408744,1
549,-9.300772516409424,-6.620704054979327,2
550,-1.2219671071498808,7.705714288652352,1
551,-10.102621992588382,-8.226730925548434,2
552,-0.6173903002674707,7.039383642357733,1
553,-9.95048506761463,-6.4914774625829175,2
554,-9.431398845834716,-7.664343670376881,2
555,0.00587148930882897,-3.1831425553970982,0
556,-10.190871220851465,-8.763424018512382,2
557,-11.136579127938745,-7.293257344734942,2
558,2.3559932679529454,-4.790429150476013,0
559,-9.294147943706939,-7.22406425553606,2
560,0.8489760845202591,-3.4396706487867217,0
561,-0.9295387423488901,-5.094169241614268,0
562,-0.2951369863613533,-4.453788072424574,0
563,-11.747699468976633,-7.0730475361327505,2
564,1.7626965415793219,-3.6729191782738715,0
565,-1.0355233572454532,7.563917865301204,1
566,0.7474574673077083,7.260448526572129,1
567,1.448672171613583,-5.537135390786371,0
568,-0.04043988216514305,6.448488314814414,1
569,-2.550976903635142,4.9960879065763,1
570,-8.147267225446656,-6.244687085133662,2
571,-0.5404348451745947,7.742209884147457,1
572,-1.737802981600723,5.421757128784431,1
573,-8.549886078732545,-7.030311003284197,2
574,-1.1322221609660308,6.1076215171971375,1
575,-1.9869420843001602,6.623852844727479,1
576,-8.796423108970338,-8.395990177090486,2
577,-1.1470898813032178,-4.512152885058188,0
578,-10.62788024163537,-8.088407484974374,2
579,-1.5670816583908291,6.371005585283244,1
580,-0.9962965643368729,7.455127642544633,1
581,-9.68653585796816,-7.580417728544177,2
582,2.992844235332426,-4.191870013535878,0
583,-0.7685076670324843,5.89350923213735,1
584,-1.5155722572685204,6.155025640139998,1
585,-9.229373076807954,-7.357853770272415,2
586,0.991651465004636,-2.8848831952984906,0
587,-1.9311461009388793,6.084331661882784,1
588,-10.060498865633955,-5.096104567205489,2
589,-9.64607986699215,-6.732771584634376,2
590,-11.152394346884158,-8.854961752046185,2
591,-11.015908872178194,-6.42315615068333,2
592,-10.098403664694056,-8.017001584822431,2
593,-9.085136115576613,-8.10571367448099,2
594,2.4243072068025526,-4.635295120848507,0
595,-9.6293766821501,-7.400863639924886,2
596,-9.245012535483198,-7.921125034983803,2
597,-10.764419985079194,-7.655694397559446,2
598,0.7882373939801885,8.171770592387416,1
599,-0.6953235714799456,8.109582163519592,1
600,-11.470891511297106,-8.540790104622305,2
601,-0.5184637260592044,7.443132464028684,1
602,1.485858306595588,-1.5468605027318008,0
603,-0.9733037409840285,5.516297030263153,1
604,-8.568452522279632,-6.7186266461846,2
605,-9.006581537626005,-7.979193706260335,2
606,-2.896362837632725,7.723813544855096,1
607,-0.7548260918394598,8.676747224560348,1
608,-0.9131790203849016,8.012472374400094,1
609,0.41217681660528843,-3.783439370869395,0
610,-10.251685417753558,-7.426670481792461,2
611,2.704406996129922,-4.292944719635444,0
612,1.106173092771012,-4.2607534729537715,0
613,-0.34915529482170604,-4.589877465499215,0
614,-1.4038066627983596,-3.675007310471544,0
615,0.23660813325782737,8.338610229852858,1
616,0.4617201458879884,-3.7484928087972658,0
617,-2.171539460890193,6.5370182090562015,1
618,0.6892048363005666,-3.2543731389237713,0
619,0.8809657200040327,-5.781124182542531,0
620,-1.115522106984869,-4.265475514419962,0
621,-1.3909162592487099,4.590200222971921,1
622,-1.6816498257893904,6.860669956197558,1
623,1.4360422174692444,-4.534250272505921,0
624,-2.147688920028244,6.190783426155528,1
625,-10.224638561250734,-7.78334581216645,2
626,1.0142413779523838,-2.529195881932023,0
627,-11.158152948151859,-7.397625852309676,2
628,-0.1463732048780566,-3.5613962844056126,0
629,-1.5874550632731999,7.020735332240029,1
630,-9.384689464181784,-5.896644983511102,2
631,-3.878628360048891,5.973941823764734,1
632,0.4919514682033723,-3.9722630874623936,0
633,2.0655161836152325,-5.655117595520699,0
634,-10.436032304210594,-8.727238254702652,2
635,1.3451911332369932,-5.862374960360292,0
636,1.9057111709683523,-4.13006459648855,0
637,-1.3621123761414873,7.215844084852765,1
638,-0.15751142645634797,6.25053410429809,1
639,-1.6763692280302744,6.178555067080165,1
640,-1.2022179331526843,6.238003505947117,1
641,-10.34733497271648,-7.651758411571582,2
642,0.46301557189867326,-3.8961683612559517,0
643,-1.4753595796712375,6.5616127156975015,1
644,-7.858727190336298,-6.345638014000287,2
645,-9.537949399875794,-7.844524769170563,2
646,-1.1811703472030626,8.038596071839649,1
647,-10.666667232606956,-6.298400120839476,2
648,-3.7775251061086967,5.459130617619267,1
649,-10.496521180646603,-6.585122682197734,2
650,-1.7571667367885895,5.763281374712383,1
651,-9.329309237940759,-6.134814386413247,2
652,0.34245364100383546,-5.017501630584025,0
653,-0.7949523577489871,7.1191001611015805,1
654,-1.4539616968752866,8.45931525501631,1
655,0.9769623036529882,-3.9248027076317573,0
656,-8.902115539127072,-8.817425317990116,2
657,-9.895440574975295,-5.78879320768437,2
658,-10.88195863926911,-6.711426194876168,2
659,-2.7059581564208512,6.216712436238566,1
660,1.5667296061183182,-3.9596988334756733,0
661,1.189385774738044,-6.869638997538081,0
662,-2.2464630266698595,7.145436327444802,1
663,-10.796250064141399,-7.341156727567117,2
664,-9.779692403005647,-8.342089913354775,2
665,-10.52804872203573,-7.293702588356272,2
666,2.057721103848434,-6.123229124507681,0
667,-2.415734963961577,7.1100566834692085,1
668,-9.01277113184354,-6.823904181039663,2
669,-2.1798724112155847,6.54108246762432,1
670,-9.464440550800903,-5.839025958796166,2
671,-2.024141569545831,-4.591203618234791,0
672,-8.890091632026552,-8.41099746561048,2
673,-9.332356106298056,-7.376816385001442,2
674,-11.365593829925425,-7.645323763314972,2
675,-10.324348060096883,-8.318749952354871,2
676,-11.288972682010652,-7.566089660373072,2
677,-0.5144638018968308,8.399327311735286,1
678,-2.0340831655600558,7.442575443973017,1
679,2.120330398446611,-5.317340899362747,0
680,1.2818574842326882,-4.7776375721614,0
681,-10.386159933400284,-7.710067377245204,2
682,1.6936580172863345,-4.691301888595592,0
683,-8.852276228633295,-7.14021698203242,2
684,-1.4010581588669568,-4.780782935857252,0
685,-10.556701840472572,-8.507136866393472,2
686,-8.879296158943893,-6.386569357714075,2
687,-1.3036065285323928,7.437138763064922,1
688,2.4554200782921667,-3.744934681969195,0
689,-0.3455927035259052,-4.244475341068138,0
690,2.6279199361802084,-3.341281390595011,0
691,-11.767425227384704,-7.291271509424819,2
692,-10.808027300083154,-7.9818509508351925,2
693,-2.370018661302459,8.313401586255223,1
694,-1.4402781010608012,7.362174642780107,1
695,-9.537702356831984,-7.970014292057595,2
696,2.427413692708411,-5.525301162752391,0
697,1.2377099864930434,-4.913244460292968,0
698,1.0919229549099716,-4.80481128822552,0
699,-9.297903607207507,-7.007178244678776,2
700,0.6351142742398135,-5.617023725534648,0
701,-1.7544605042451231,6.199171904487687,1
702,-8.76163452492611,-6.969444592721895,2
703,1.5500637198326008,-5.170601005205863,0
704,-0.8500847199256824,7.574542950908497,1
705,-0.5814358299750303,8.92884596346158,1
706,-8.262896085186602,-7.142576514049019,2
707,-10.946329845283046,-7.568134593736376,2
708,-2.565928793021705,7.097777713298472,1
709,-0.488300213042004,-5.665046812039003,0
710,-1.7465822304843115,7.219429897069297,1
711,-0.6603279159766292,6.178325517976925,1
712,-9.649262059958053,-5.893033064978725,2
713,-0.12220812360086408,7.765179111098472,1
714,-9.573127614001837,-7.399307156300503,2
715,-9.807355540140879,-7.433242067132091,2
716,-3.627606873231557,7.450125860176627,1
717,0.9799214143614876,-1.893180265012616,0
718,-0.40295914967492585,-3.503512184827386,0
719,0.41642656516828863,-5.570154696779827,0
720,-11.75293044216978,-7.511163579986474,2
721,-0.672517188733305,-2.3858983296419387,0
722,-1.1198866582504117,5.003999475103194,1
723,1.004160129325567,-4.230798434294017,0
724,1.160931399391088,-4.896593560139994,0
725,-3.4283186996523187,8.135057341444403,1
726,0.272984996662607,-5.415424192906383,0
727,-0.5264338795020531,-5.212610600836774,0
728,1.8950202752190992,-5.864802909183004,0
729,-10.890332033619122,-7.621871443945353,2
730,-9.219114606197275,-7.871356321710697,2
731,1.615154490918456,-4.0029358622614675,0
732,1.2333242429952747,-4.109502796735289,0
733,1.4358523899155726,-4.359059747229696,0
734,-0.15266939734906093,7.3802089243819315,1
735,-1.4151361858744904,8.078935219601565,1
736,0.0825773974956151,-2.6978811149306,0
737,-9.27313978003718,-7.898004871395323,2
738,-1.1002001190321362,7.866537720337915,1
739,-2.2023297987164283,5.835514387239746,1
740,-0.07887721677092663,-6.701232260370178,0
741,-10.613248932077722,-6.966733644056781,2
742,-10.42747456886717,-5.121271162811016,2
743,1.275805360795817,-5.260892690869644,0
744,-0.22369882911643613,-3.8677553854019666,0
745,-0.8006410202366036,7.988787800844367,1
746,-1.3037661388160373,6.186578901687399,1
747,-0.11521126331032128,-4.075104544956712,0
748,-9.566775897041511,-5.986065090250229,2
749,1.247772057819622,-3.908388646170354,0
750,-10.737985004884404,-6.8832288250724245,2
751,-8.822996499225399,-8.25846085747306,2
752,-0.6635029872766416,-5.01055856511587,0
753,1.6261413339850692,-5.632052267592071,0
754,-9.748187574679328,-8.33770494750968,2
755,-1.0018210089740591,7.311668622186679,1
756,0.0004393374529199079,-4.014197059286331,0
757,-9.737545674313903,-8.930664541872682,2
758,-0.6475291715877172,6.371502473859961,1
759,-0.0661170017371342,-5.4950534350125055,0
760,3.7520680875951467,-5.020801073264012,0
761,-0.9005424745690583,8.157479899420473,1
762,1.092401688774086,-7.642567680102124,0
763,-0.43365775340043466,-5.5687112726640775,0
764,-1.3971439226859703,6.987601695023718,1
765,-8.386751963409207,-7.088883045121994,2
766,-9.961367802831745,-9.06172613393067,2
767,-0.5334713918368539,7.4440793069056586,1
768,0.4857584577732862,-5.418593109699012,0
769,-1.4231541284795017,6.404476677282376,1
770,0.42996321311489133,-5.550930544379513,0
771,0.1358381260825422,-5.144353883640765,0
772,0.7591925741811993,-3.297410630655701,0
773,0.6261913946439561,6.8834774095448035,1
774,-2.3847475704298944,5.513487920375358,1
775,1.1854668117603766,-5.1850264758491145,0
776,-9.660705472542457,-7.925507482029294,2
777,-9.682241351684558,-7.292675685259809,2
778,-8.391518401073712,-6.639237866342056,2
779,4.041489359781288,-1.0984087805266451,0
780,0.4100718503166844,-3.997448810001185,0
781,0.331458409006984,-3.609487896457594,0
782,-0.9581080036112692,6.060822411819534,1
783,-1.6899715095052628,5.657765334616965,1
784,-0.8774001082930192,7.545543835855792,1
785,-0.4300186454749848,-3.5847485799991547,0
786,-10.596498621251481,-3.873317805987583,2
787,-10.41818481460858,-5.785120164110483,2
788,-1.0988392660301594,5.732226770049216,1
789,-1.178362997112565,8.288394854039492,1
790,-1.3414067992879988,6.7985028859766405,1
791,-0.7896570463313757,5.611018086778162,1
792,-0.6127546291553342,5.599380376036088,1
793,-2.2757504057891653,4.659269858196446,1
794,-0.5733946124707355,6.329340262649848,1
795,-1.5107070273544199,6.517225193672727,1
796,-2.2955243432283927,8.214542652032174,1
797,-11.817461352674442,-6.991851649249523,2
798,-11.740048697665147,-9.758318142086893,2
799,-10.190822313362466,-6.553549505622229,2
800,-0.40953024482094036,-5.376932324063055,0
801,-0.7775091288029574,-4.262814778991153,0
802,-0.5691933655855189,6.817080583559752,1
803,-2.2306760302387243,7.518744320429301,1
804,-1.6720610483786014,6.565846656322979,1
805,-0.6587304946048896,6.8578778147927695,1
806,-9.235051495121269,-7.469374555507218,2
807,-0.46906621506581825,-4.844103250486482,0
808,2.623273001495792,-4.828177932983119,0
809,1.3343982041764981,-4.1626250594929886,0
810,2.255700647227861,-6.168003445457151,0
811,-2.4290973697807012,7.985675539041223,1
812,1.4505031004929059,-4.441069784324097,0
813,0.025582843345481554,-5.185557902416651,0
814,-1.4359366080017308,6.873165935253133,1
815,-2.1869318712024013,6.223914823382913,1
816,-1.3453617715718837,-4.456593060022683,0
817,-2.0292645450115288,6.645951388701856,1
818,-1.4533092407761348,7.257995321198335,1
819,-8.447731331373877,-8.820965991034932,2
820,-9.7733381781548,-8.834970055159687,2
821,-8.144674585230447,-7.84172041781302,2
822,-11.827019198475417,-6.20040976016237,2
823,1.7341580086411141,-3.6413173177239218,0
824,-0.7741340480524769,5.779192814465719,1
825,-0.20414343655997547,-3.8871582684011887,0
826,1.769691094206729,-2.555469427486285,0
827,0.8847712092425781,-5.064044549683502,0
828,-2.0724040650892577,6.4260359483264375,1
829,-9.72677366740536,-8.024019280338726,2
830,-2.3640462604526564,7.073925245651244,1
831,-11.680689000820475,-7.024637511016087,2
832,-2.370482237104515,6.536238188999959,1
833,-0.2264583537963869,-4.673961047676062,0
834,-11.430243543110786,-8.091242383275562,2
835,-1.2466999166021608,7.300451718973277,1
836,-9.46207862273941,-8.53483123872224,2
837,-1.548150021313864,6.012341553015392,1
838,-1.6049210873600595,7.233476216391406,1
839,-9.329638435547661,-7.989825116068119,2
840,-0.8868321145074946,5.518790876284694,1
841,-9.8084114322331,-7.29409328916464,2
842,1.5702833411790857,-5.716517108738387,0
843,-9.540612274976539,-5.611470099086176,2
844,-1.2228972377653382,7.181495588916311,1
845,-9.836168015590694,-5.643888062299774,2
846,-1.384161284566089,6.915233713010779,1
847,-11.48767713527923,-7.751375376363343,2
848,2.3916836673988375,-4.502227957272625,0
849,-8.226114517896919,-4.956945519305982,2
850,-0.813287979730549,-5.348832237294518,0
851,1.646921235142376,-4.004379427527336,0
852,-0.2131597353958803,-4.495691094829146,0
853,1.1933051281361193,-5.08689315193201,0
854,0.9054064916739586,-5.88525297203522,0
855,-1.7589358086499973,4.361807745711133,1
856,-9.803731521362366,-8.315702888944015,2
857,-2.4526269816460466,6.5368694954438995,1
858,-10.33601948302597,-8.008075944297655,2
859,-8.846003224282427,-6.975031196705058,2
860,-9.855100406779702,-6.49980822603891,2
861,-9.840973620872111,-7.317321408959556,2
862,-0.7333151057088769,-3.641586148438856,0
863,-10.351770908984026,-7.996499916973346,2
864,1.251887684201184,-3.0978815403969344,0
865,-0.8517418383617699,8.586249803777847,1
866,-2.222278223915665,5.644440126588592,1
867,-11.336081227501497,-7.004977644299918,2
868,2.534003538611124,-5.812726594557156,0
869,-9.524449947237116,-6.632153638318189,2
870,-1.1343730141888115,6.937617965045791,1
871,-0.2724408573156214,6.865755155689675,1
872,-0.24434880892632327,8.580553659328936,1
873,-8.788494118846783,-5.938342575072691,2
874,0.7884875899019093,-5.3223437793891115,0
875,2.1944436761486443,-3.5056087741271096,0
876,-10.509104116209189,-9.159066169413906,2
877,1.218791650217325,-4.56468901283732,0
878,0.1262656903303787,9.82518353983045,1
879,-0.2363520159478898,5.253281740472545,1
880,1.4079117548106144,-3.8894391180249364,0
881,2.154116302920937,-4.6998375995431205,0
882,-8.425485244679113,-8.089866654920641,2
883,-0.13632177303920678,5.966756885551825,1
884,-8.324953289203057,-7.569289622322626,2
885,-9.757856334431004,-7.901611001524669,2
886,0.8094549231791398,-5.3066122180715505,0
887,-1.2987750149791035,5.343133939960571,1
888,-2.0594599649997622,7.146220626020472,1
889,0.4146991373882095,-3.8235127066941432,0
890,-1.8943041678420078,5.231012213436365,1
891,0.5363217007665001,-5.121830276213831,0
892,1.2245297297733981,-3.40133010132211,0
893,-1.6831042786389432,6.927446312288101,1
894,-9.929499473475833,-6.283452502049993,2
895,1.8778923781097352,-5.346032992962373,0
896,-9.05059203034285,-7.650797140106298,2
897,-1.0675443108981906,8.815265204913205,1
898,0.23212901717804824,-4.811115100683244,0
899,-8.183225643411884,-9.180046761662027,2
900,1.908816331101561,-5.188137387408738,0
901,-9.61639291510589,-7.174496221903322,2
902,-2.620282857049537,7.345968264167176,1
903,-1.3412336710582653,6.502953870518474,1
904,-0.6483316599009936,-4.103329792829218,0
905,-10.239466051417956,-7.690761172930209,2
906,3.1667527765329844,-4.597821850764809,0
907,-9.529140154219169,-7.314030250413558,2
908,-0.5808794521239659,5.005458405384083,1
909,-1.1556646942014202,-4.378900550457987,0
910,-1.8490253850152787,6.430145862468422,1
911,-10.07030267899799,-7.287680519587557,2
912,-3.2173930277462404,7.389090647188129,1
913,-11.48789966218288,-7.059102989025753,2
914,-3.121598524387034,7.278181208012334,1
915,2.700034917644845,-4.429594864092863,0
916,-10.186546082300712,-8.049193546869292,2
917,-8.88381229585291,-5.778666439934678,2
918,-2.4249186696813316,5.598050891038803,1
919,1.7285742427242194,-4.679209597658144,0
920,-8.148270478248573,-7.376452782572976,2
921,-9.249612367286769,-7.563206543760256,2
922,-2.095254349586563,7.672667373103623,1
923,-9.16129016615126,-6.882975611194659,2
924,0.6933172813678106,-3.4153479548729075,0
925,-1.8402920564942895,7.347755918748127,1
926,-10.05275925558978,-6.804643632380991,2
927,-9.120101834007443,-6.8238666800967485,2
928,0.8856990427424066,-3.6128061441042987,0
929,-2.0487168265948172,6.325570850143484,1
930,-1.332057429746116,6.918248429019278,1
931,-9.214187992509652,-7.163685476457492,2
932,-8.857697336744907,-8.27832879180825,2
933,-2.671414718959605,7.064855739216704,1
934,-3.2615255609329417,6.228066506333408,1
935,-8.265912276686642,-8.183102723752327,2
936,-10.448180165459291,-7.47363507772364,2
937,-9.679203040918543,-8.092687004438863,2
938,1.8317957007180394,-3.9142687829681804,0
939,-1.010003146158959,6.747582869760881,1
940,0.8498864887146955,-5.022194366043148,0
941,0.670301545558113,-5.28728508740365,0
942,-0.9730894643674084,-4.066519071956773,0
943,-0.5901430104673582,-4.443518890292027,0
944,-1.61228558852538,5.423720244177652,1
945,0.6075862150216569,-5.7601032808553665,0
946,-9.331555940761028,-4.9057903925068125,2
947,2.584601610054434,-4.2534883934243695,0
948,-9.922301214623701,-9.181157907823396,2
949,-2.641146569870595,9.422593567180765,1
950,-11.566700521409723,-7.537088698835316,2
951,-11.191024672538257,-5.944055747870198,2
952,0.7606347210765231,-5.160083132728856,0
953,-10.186158307708899,-7.905273803085671,2
954,0.25146946413611415,-3.669428652064085,0
955,1.7808270944942128,-5.318007495355561,0
956,-0.5122554521322004,7.019251439098621,1
957,-3.0670222105965035,5.741636853677503,1
958,-10.267629153430242,-8.67187274481363,2
959,-2.556275564835006,8.94530141784215,1
960,-8.920159454349054,-7.216480182894367,2
961,2.7446722627814744,-4.809515648293052,0
962,-9.159508518821356,-7.801066787867889,2
963,0.5618924414494326,-4.889677637187724,0
964,-8.602551337872228,-8.328177913816345,2
965,-2.3202739972464497,6.999350008503395,1
966,-12.080883732430197,-6.689598859954282,2
967,-11.042174768769343,-8.248292347844485,2
968,-10.486488271658157,-10.297661941427435,2
969,-1.7773908657545403,7.287950001894154,1
970,-9.718756984117839,-7.128948672297107,2
971,-11.257807961002957,-7.1665109845576165,2
972,-10.015960388761814,-8.53550461995463,2
973,-1.824454930607677,7.556580079865212,1
974,-0.14293628513616197,-3.490105418952852,0
975,-2.00687004404622,-4.961117934236743,0
976,1.4959865142654774,-3.4799070546147726,0
977,-0.5809470920387514,-5.75532879848557,0
978,0.6315164829595541,-3.453470962077835,0
979,0.9930528151693503,-5.497858452945108,0
980,-0.06882327525287169,-5.376882898561436,0
981,1.0079610415803235,-3.720073357749442,0
982,-1.5496334623362786,6.983972842072248,1
983,-2.747518580037899,9.031068247993186,1
984,-0.8732356634829038,6.77520621799367,1
985,3.1674683045749017,-5.372214741182839,0
986,-11.688156410572415,-6.1236727188797735,2
987,-10.812316253592154,-7.089473282900654,2
988,2.707969771002401,-4.44464806604629,0
989,-0.6296215452638609,-5.626498274916015,0
990,1.787642481577128,-4.993789640843844,0
991,-0.9597175879602992,8.200360475994604,1
992,-10.5025522690964,-6.343953529125326,2
993,0.9769708257172232,-4.404328663301004,0
994,-11.226440242950053,-7.78761606536898,2
995,-9.696633150444883,-7.6064171137605685,2
996,-8.966719098886161,-6.939519077241124,2
997,1.821058263811234,-5.415974941767015,0
998,-0.4846846403549212,7.721890493885182,1
999,-10.713876154237452,-6.853771769284746,2
1000,-3.6122207545826996,5.36100405841696,1
1001,2.406852495322462,-2.035539230890118,0
1002,-1.1755568429592278,5.758896733691427,1
1003,0.2892577148721134,-4.831896932668179,0
1004,0.2783902490715898,-5.246037122700873,0
1005,-8.469259423765028,-6.436791983889896,2
1006,-2.0401664993760633,6.61406442739423,1
1007,2.06476029593932,-4.897454868395958,0
1008,-2.5081142567017114,6.639547432305437,1
1009,-2.3803673945657984,8.341141040497213,1
1010,1.094310966960315,-5.001928868439951,0
1011,-0.9252054891215863,5.816073694712001,1
1012,-10.44825734834752,-8.476402909473784,2
1013,2.1568013921149163,-4.575147494149924,0
1014,-1.0378067010271699,-6.441554914886318,0
1015,1.8494196227705402,-3.918393456729695,0
1016,-10.22945539116693,-6.616905184437417,2
1017,-0.4375793412058493,6.981972886434051,1
1018,0.46567998624020746,5.675135654732596,1
1019,1.169148299607374,-6.117512259809257,0
1020,1.7557706166455738,-4.343962507550551,0
1021,-10.7248016858999,-7.385213735373647,2
1022,1.6050940048375208,-3.996745045609167,0
1023,-11.748487548460556,-9.577872146897711,2
1024,-11.086856351026658,-7.215046046005335,2
1025,0.1511872180410041,6.131482398589556,1
1026,0.45566501420531613,-4.848078327635722,0
1027,1.5212746879626136,-3.8742653958400535,0
1028,0.08170380540746636,-3.064507078989556,0
1029,-0.8365523699416537,-5.56887330495144,0
1030,-1.7151700910827041,5.93440412684113,1
1031,-8.108050071133029,-7.856060137647576,2
1032,-2.5510801995633736,5.913582130483285,1
1033,-9.666897344741585,-7.4340699242209185,2
1034,-0.5469440850332172,-5.073372221134649,0
1035,1.0816889366495084,-5.697669992142876,0
1036,-9.481179360360114,-6.571934053744437,2
1037,-9.972358894999873,-7.239617889881286,2
1038,-0.3246725472098606,-3.0577528805841867,0
1039,-10.011930868338712,-7.550846956114918,2
1040,1.61855216614615,-5.739604637204897,0
1041,-0.7452330879756822,5.836022915243363,1
1042,-0.5407436272840059,7.066293578366038,1
1043,-0.5890253213808366,7.764172908139081,1
1044,1.4030264295680959,-6.082637492948434,0
1045,0.7418976521057317,-2.4423386483699865,0
1046,-11.264497078351356,-6.447730969063808,2
1047,-10.266510744003698,-7.547906344710576,2
1048,-2.7143640649144625,6.044390558228788,1
1049,-10.404125864360909,-9.017750422676844,2
1050,-12.411185045284316,-7.907788380862616,2
1051,0.5295183534296217,-4.829230983509726,0
1052,1.481137717506855,-3.6964070848002533,0
1053,-1.6969149495199105,7.310880511551744,1
1054,-1.9150976602761223,9.203940057662791,1
1055,1.6122484038219769,-6.155805622089421,0
1056,-8.606573390966348,-6.790644498816913,2
1057,0.8370701382483828,-4.520296037949811,0
1058,-8.715119601660192,-8.733113589122947,2
1059,-0.06114836208211616,-4.034195878514396,0
1060,-1.2723365372964728,7.6383088125043725,1
1061,1.5558585316141076,-4.0394541058749684,0
1062,1.0266974321806996,-2.3001255692951155,0
1063,0.2958349366118773,-1.687494333349004,0
1064,-1.4633206277064916,6.84017157914194,1
1065,-0.604558290426459,-3.7803020997595054,0
1066,-0.6230491246904468,8.160560384941714,1
1067,-1.8863225272308304,6.463136280212766,1
1068,-9.263659618576686,-8.9899554237686,2
1069,-7.129297417380517,-8.788695958242501,2
1070,-8.003108955648548,-7.950650108876532,2
1071,-1.63483302210004,5.991357437154719,1
1072,0.24322665047807646,-4.542607694044933,0
1073,-2.642895456088154,6.731190914114703,1
1074,-9.583919433970369,-7.074235165669879,2
1075,-3.3252477542126613,7.634473643888259,1
1076,1.3149250826157872,-4.284080312103512,0
1077,-8.116832894859265,-8.268515585499859,2
1078,-9.247914949073914,-7.346011623906822,2
1079,-1.4786002329706283,5.156423373546124,1
1080,-9.859490559786057,-8.442124337079017,2
1081,1.9010168817353705,-6.422434538062369,0
1082,-10.910920476123843,-7.362436973626927,2
1083,-0.4003743297930624,7.641834929352933,1
1084,-2.3251060542345763,10.148423448699234,1
1085,-8.31084588752551,-8.50989096163312,2
1086,-11.61931977813887,-7.77654685578598,2
1087,-8.538673133224657,-9.235498086597703,2
1088,1.1951249923465275,-3.865278877559658,0
1089,-10.897644807111726,-8.916676891578735,2
1090,-0.9033699813347865,8.793018331298125,1
1091,1.9104315788406443,-3.3337363115572085,0
1092,-0.04249263460668584,6.727609473610587,1
1093,1.4832510212120664,-3.527546857723033,0
1094,-7.851090190899307,-6.177531100482819,2
1095,0.6463771011361761,7.981016657982882,1
1096,0.6013206715820527,-5.288674320121935,0
1097,-8.412600240466285,-6.783141131482729,2
1098,-2.012092115180241,8.00925511584078,1
1099,1.2209054186624355,-4.38357483657606,0
1100,-0.10813268600160186,-4.507764868542991,0
1101,-11.49846275917177,-9.682111758865524,2
1102,-2.153776058886666,5.765496420652791,1
1103,0.2681157909704418,-2.856445573804871,0
1104,0.8721076313528757,-3.9794180937641044,0
1105,-1.4537548249138312,6.761097024492102,1
1106,-0.5289005091339749,-5.5297842827639,0
1107,-1.5684474950140241,5.933393980151367,1
1108,0.8592001725271984,-4.975810306531249,0
1109,-10.326017334231803,-7.258608906588651,2
1110,-2.922688912750775,5.9501880342994795,1
1111,-10.880881435166687,-7.384241631122088,2
1112,-10.657411646486251,-8.628866527659643,2
1113,-12.359189081485402,-8.276950136375294,2
1114,1.9618470337945242,-5.81623445435819,0
1115,-9.276226776337081,-8.558891310966667,2
1116,-0.9388315132200963,7.807009874183574,1
1117,-0.9348272537536795,6.674671161773017,1
1118,3.1567341271525517,-6.961559809008763,0
1119,1.1446298899102019,-5.3878281819468725,0
1120,-1.8674390293970586,7.334773720092254,1
1121,0.03847109720926889,-3.272145927251783,0
1122,-11.030345628288615,-7.984681049544499,2
1123,-9.469001685966408,-8.03243894725067,2
1124,-8.013382486176209,-5.343107623104027,2
1125,-9.102600136365535,-7.675645227577733,2
1126,2.811361099253305,-5.8800484104436626,0
1127,0.8812518723771795,-4.279382270410739,0
1128,-1.3493574351327995,5.472673099434951,1
1129,-2.2111293322773813,7.412308996885229,1
1130,1.440655587416541,-5.801328499194788,0
1131,-1.9418599380704133,7.954978163210008,1
1132,-0.4923290163911631,6.506415105851643,1
1133,-6.956337338770874,-6.604660052402208,2
1134,0.07101164439447527,5.210816231239333,1
1135,0.5565737303270399,-4.972003320944125,0
1136,-8.891678591121414,-6.372949767609488,2
1137,0.7602096590220735,-3.4292147409026867,0
1138,-8.825580241936116,-6.036352335330732,2
1139,1.9004447465983245,-2.815672395934371,0
1140,-1.524921801830936,4.623083268548694,1
1141,2.138853740298214,-5.4360868328356045,0
1142,-8.613108581623264,-6.093951376553591,2
1143,-1.0466312859204394,7.132898945732397,1
1144,-0.2641240054207028,6.291005103537416,1
1145,-0.23761325714806292,7.01892935581347,1
1146,-10.993989868205576,-6.385030843426902,2
1147,-10.789236771571346,-6.540009591223116,2
1148,-11.35127697053226,-8.093045610281576,2
1149,-1.6164318639603708,6.024219999374396,1
1150,-2.7864899882309073,5.416070295674681,1
1151,-1.4077105377636272,6.615013014546685,1
1152,-1.3859484471134262,5.833293311948833,1
1153,0.49985327169178706,-5.980604861534158,0
1154,-11.087717798477728,-7.020016940846379,2
1155,-2.15146277257608,6.202900448896025,1
1156,-1.891773550600469,7.868319894933945,1
1157,-10.146402267400545,-8.952264269671586,2
1158,-11.273924832573126,-8.161361646835346,2
1159,0.07641695662660863,8.921301880336115,1
1160,-8.677705681291785,-8.58352962939108,2
1161,-1.088868716423754,-4.997096956431754,0
1162,-9.5955625790007,-7.074386352379016,2
1163,-8.469332752424224,-6.595634889159544,2
1164,2.4123483973876407,-6.61776610138206,0
1165,-9.36587479929092,-7.177731514468439,2
1166,-11.003234785885244,-7.843061063907899,2
1167,-10.735148824526897,-7.325116365178841,2
1168,0.7322220835421224,-3.798233204334985,0
1169,-1.5996050252907532,8.209950940987019,1
1170,0.7040734331432523,-3.216031707759168,0
1171,-9.462948153512123,-8.673852827252613,2
1172,-0.6645410864802408,6.5313362890988715,1
1173,-11.397271173329212,-7.218268259019834,2
1174,-9.764054676057043,-7.4491730859154135,2
1175,-0.22661741030870752,7.5802858018890396,1
1176,-11.11985332522339,-5.42789794848945,2
1177,-9.41719066788983,-8.046185843746647,2
1178,-1.6014562364663334,6.084962530480704,1
1179,-10.11471659530221,-6.902832085704404,2
1180,-10.348867138303667,-7.358169561874145,2
1181,-9.937766748864698,-6.572214290513733,2
1182,-3.155211277436836,5.812250185787505,1
1183,-8.981078336397674,-6.435963150198547,2
1184,-1.5897310916075635,7.3902039454977935,1
1185,0.10167963027611915,5.772651237544194,1
1186,-3.8158311261649525,6.086249613000979,1
1187,1.336099524022073,-1.7236103507581588,0
1188,1.8593176866219498,-4.145399311925942,0
1189,-9.075552779943974,-5.453645404226391,2
1190,-1.2945801380089466,6.368824443753224,1
1191,-11.134112238619528,-6.652268405231156,2
1192,1.0904896452647572,-5.1175340333713075,0
1193,-11.467568366787805,-7.050221202043952,2
1194,1.8782327186850278,-3.559949171892212,0
1195,-9.185106135730027,-7.3104121269406335,2
1196,0.3799878189028469,-3.8029174924938416,0
1197,-3.1121327151811675,6.835039631382214,1
1198,0.566302395369592,7.562402845755255,1
1199,1.4601221051796864,-4.86967671377565,0
1200,-0.28962121030685073,-3.366786068331523,0
1201,-1.6186264090015334,7.165812775939075,1
1202,-0.40992765719672364,6.309785990942899,1
1203,1.0032166120667592,-4.59686533226126,0
1204,-0.27367985858894883,-3.686210144421379,0
1205,-1.9205470175175527,6.031827511687227,1
1206,-1.9419681875732353,4.69783071973149,1
1207,-1.5808185351410673,6.993386447313844,1
1208,-9.725749739026016,-8.148124885010635,2
1209,-1.6677166633454077,6.34724130176121,1
1210,-9.229476921237124,-6.712147656392279,2
1211,-9.999446292386889,-7.955756943781979,2
1212,-1.695453787139773,7.949565121211476,1
1213,-3.7909539777114247,6.28389157047925,1
1214,0.5956470270483453,-4.247819542610566,0
1215,-9.51858593918511,-6.317990800190726,2
1216,-1.4829339072157257,6.201647444323349,1
1217,-2.217436193220527,6.607279951590505,1
1218,0.11174653022487324,-3.6161582871047915,0
1219,-0.7265261541958787,6.866844779938205,1
1220,-0.45647926012092155,-4.1942276528690705,0
1221,-1.515384481181986,7.574120153542586,1
1222,-2.1660271701885305,6.4226094523816215,1
1223,-1.7724612188157969,10.093005600371447,1
1224,0.5492914128589081,-6.51688318167897,0
1225,-0.8970950148633414,-2.985008245229723,0
1226,-0.9251274419101332,6.647372830734386,1
1227,1.9368845165711834,-4.927786252967239,0
1228,-10.964184582262288,-9.770859056208636,2
1229,-2.198189082675148,6.172462858860867,1
1230,-8.338776430124504,-5.9211437412448324,2
1231,-10.622384859040308,-7.274651373469469,2
1232,1.641539833363518,-3.444403449637614,0
1233,-2.160778701975563,7.864409494619772,1
1234,-10.278959852873003,-8.825354094269073,2
1235,-1.9121437819868445,8.281306412852581,1
1236,-1.0146579123847248,6.050356180859973,1
1237,-1.3534119878812154,-7.0183798871235155,0
1238,-9.870106403586032,-8.435621329136838,2
1239,0.6572314818465816,-5.109527463952892,0
1240,1.6735909419662498,-3.0778431582669876,0
1241,2.9428920037658743,-4.775909980306547,0
1242,-11.32827618161771,-8.789477602617513,2
1243,-8.29658810505871,-7.096839969534881,2
1244,0.8781359752277063,-3.952323915838805,0
1245,-9.776982085832012,-7.563877762404939,2
1246,-0.2587294478378208,-3.31787840549252,0
1247,1.0823178832861398,-3.739916240992239,0
1248,-1.089982398388558,-4.567413610114072,0
1249,-0.5678929183174277,6.2485605348226265,1
1250,-0.3584685958324987,-3.077339736591237,0
1251,2.038625818767452,-2.3549000658738737,0
1252,-10.050167833018623,-8.523906148932888,2
1253,-0.399397158340127,-4.341041053834929,0
1254,-9.475101068659093,-7.158370061755704,2
1255,-3.4470128128288686,6.121278024335343,1
1256,-9.903582886867753,-7.6210406584052315,2
1257,0.12505942591233654,6.173851938177224,1
1258,1.199170518433767,-4.799108547571137,0
1259,-0.19795642234280408,-5.17565822043892,0
1260,-9.643921839659482,-8.447443283459986,2
1261,0.10152586014467346,-3.5904398078015807,0
1262,-3.0384351797551554,5.969884254300283,1
1263,-1.654701745991236,7.707213698276735,1
1264,1.1434923117604867,-2.0316939868027966,0
1265,-10.500336026819623,-8.479707041336507,2
1266,-1.948752904253566,7.525510263227214,1
1267,-0.268573875473078,-4.184117673243396,0
1268,-10.553212578873037,-5.804310693557809,2
1269,2.390406603696988,-4.612575615773211,0
1270,-9.446002034577976,-6.351095991640873,2
1271,-4.328301187524698,7.72270020875481,1
1272,0.9698746087886253,-3.12426547147993,0
1273,-0.8988300910437176,6.230233760839559,1
1274,0.58250505649094,-5.0315349239161975,0
1275,-1.7396839915689648,8.780228700851637,1
1276,-8.647384655539552,-7.166658713654566,2
1277,1.6185435973534872,-4.888559225592079,0
1278,1.4085315911862217,-4.2919172416567495,0
1279,-4.184003133565028,7.539882008830685,1
1280,-10.076444932564105,-7.87809850996668,2
1281,0.8132685985599425,-4.680623646396077,0
1282,-10.643093509242169,-6.449727327126039,2
1283,0.4618730266306188,4.701013843353378,1
1284,-9.451342056989148,-7.262542429426042,2
1285,0.43081159327548424,-3.521137812993756,0
1286,-1.3415929942698286,7.038896127573565,1
1287,-1.6819370497891994,5.049493049882869,1
1288,0.01250467495417995,8.896194670482812,1
1289,-10.090269106086593,-6.265200665897408,2
1290,-2.940986634515571,4.625109444236963,1
1291,-9.002755185215747,-7.97693279214056,2
1292,-10.460869798954601,-7.045847260781004,2
1293,-2.2413132268756124,7.491837001830601,1
1294,-9.539741233817406,-7.734646202471811,2
1295,0.36453834981139865,-6.48351806117345,0
1296,-0.8378531699188616,-4.063448341017072,0
1297,-2.379198891539771,6.28744156445915,1
1298,-0.6581312426125664,8.470977267087715,1
1299,2.1678469105746174,-6.165707921777358,0
1300,1.061116325748705,6.839923719505245,1
1301,-0.8016538053834471,8.197132870933451,1
1302,1.5408196415289697,-4.537023441514705,0
1303,2.1050067210095342,-4.662896976551185,0
1304,-9.175050221306801,-7.239694835496182,2
1305,-1.7825395411886324,7.07945898667414,1
1306,0.9249709970455688,-5.256111169757408,0
1307,-1.2009729235686604,7.352279446949083,1
1308,-1.2439080616031883,7.4062169452932585,1
1309,-0.40221920310617465,-3.797111129928624,0
1310,-1.8007347752075789,7.457978901031147,1
1311,-10.068713012849587,-8.083404321432429,2
1312,-9.15410867457873,-6.511086951963656,2
1313,-1.78715690390142,7.420843512011102,1
1314,-0.7086349824531831,6.239354254979194,1
1315,-0.11993389111647645,8.079178573353493,1
1316,-9.164291958304016,-9.106510754767664,2
1317,-0.8146022697184602,9.469900063455338,1
1318,-1.1190639242560936,8.288048724388693,1
1319,-10.674503939314246,-8.547911661552343,2
1320,-2.837973058113485,8.731208107992078,1
1321,0.5323419972962233,-4.569241677406469,0
1322,-1.5388635356334341,5.650767116616822,1
1323,-1.2427833642083854,5.867451963904703,1
1324,-0.06448462094252982,-5.106176852923304,0
1325,-2.8381321535355446,7.826923394833391,1
1326,-11.427075556951149,-6.546774916639559,2
1327,0.8916963316845544,-4.603068766533725,0
1328,-11.760685195004445,-6.230951994625768,2
1329,-7.725126556541774,-6.898940298871651,2
1330,-0.8570187250327074,7.133026440438589,1
1331,-11.748953163950471,-7.841365832355757,2
1332,-10.247153619505404,-7.113852221611959,2
1333,-10.007494448540648,-8.13358750951034,2
1334,0.7691797154583594,-4.1933524372495095,0
1335,-0.9154467584761803,5.762588315069793,1
1336,-1.2603381990422626,4.963993321300017,1
1337,-9.396591980522238,-7.202751010357562,2
1338,-10.258034753335743,-7.690309351930676,2
1339,-11.150844818245837,-8.963378743361305,2
1340,0.9983472911720108,-3.4832514334630904,0
1341,-10.808339330013757,-8.501934785582138,2
1342,-10.94646690978558,-8.476131690170476,2
1343,-9.438860349834004,-7.2765433628915925,2
1344,2.0155562743332984,-3.2726433240490085,0
1345,-0.4170848230387374,6.571372448209774,1
1346,-0.9876502144340179,7.459471985831971,1
1347,1.841472546749373,-5.075093424873948,0
1348,-10.860151079409128,-8.86485013724562,2
1349,1.2716972512446645,-6.317446685443657,0
1350,-9.422130170184635,-7.900996047425547,2
1351,-1.0122203122277553,6.651288127561148,1
1352,-10.691068326207471,-8.228284051322966,2
1353,-2.2207742536654416,6.117834251809814,1
1354,0.4579868266111366,-4.364486589888228,0
1355,-2.4902304025872124,8.066606150016725,1
1356,-10.699403654323515,-6.905885187995402,2
1357,-11.684628095989137,-7.5832420630817055,2
1358,-8.949275943467521,-9.081939351104493,2
1359,-8.858036393857347,-7.2147772382791935,2
1360,-1.076441446476172,-4.168681074473636,0
1361,-0.9283852750286472,8.456246070179851,1
1362,-1.119705187913977,6.6675632405603995,1
1363,0.3122244102730285,-4.642011078367635,0
1364,1.4711525337226352,-5.49407993504572,0
1365,0.15838694294908762,7.583240137741181,1
1366,-9.53987838492201,-6.723952318433156,2
1367,1.6255983602424595,-5.1370680012231045,0
1368,-10.273903980022808,-5.627796545173416,2
1369,2.1091809230159133,-2.7690759873867696,0
1370,-7.825006162663406,-8.183823791987086,2
1371,1.9848670826281885,-4.446301153332224,0
1372,0.8198371320233777,-4.467639348312985,0
1373,-10.77914240413657,-7.402645053617271,2
1374,-10.999735278031327,-8.10362238399876,2
1375,-9.79137213954874,-6.7242708049032185,2
1376,2.1316436721498473,-5.888717895653409,0
1377,-9.371747656016739,-7.4260195418745605,2
1378,-2.2781542994634227,5.598494931195534,1
1379,-1.0847353240643942,7.518344161152037,1
1380,-2.348926904690791,5.992261366875259,1
1381,1.0892785050407092,-5.50265562869237,0
1382,-1.3768818974457127,5.961358903534723,1
1383,-7.972473471032913,-7.505220392722619,2
1384,-10.622832988442832,-8.194423779150949,2
1385,-1.4371593161644034,-4.270456698362041,0
1386,-0.6394863244450775,-4.324728167317463,0
1387,0.0774407520567102,7.2959607612775494,1
1388,-2.23562349744315,8.123228139638783,1
1389,-3.3118819972557585,6.973468044791632,1
1390,-9.27790223455878,-7.856215499801929,2
1391,1.1059434577429306,-4.419063749495465,0
1392,-11.264653435803599,-8.155896096953777,2
1393,-2.2071787761663777,7.045900751393166,1
1394,0.6912019714747768,-3.92556479614779,0
1395,-2.0374312253392812,6.8392762224606924,1
1396,-2.3055972678786882,6.699746183252677,1
1397,-9.36522060036055,-7.792215811428817,2
1398,2.4963064716066192,-4.5085120651726225,0
1399,-1.3971613735169028,7.428888911084154,1
1400,2.4714708321683005,-3.4197160671690607,0
1401,-3.6692402354855704,7.169130149630497,1
1402,-2.453345773395861,6.107652455429228,1
1403,-9.712713136485046,-6.736407032395511,2
1404,-2.1015114122778504,7.550693174732967,1
1405,-11.250292613642639,-10.048905049892426,2
1406,0.8844217041599575,-4.642200250580226,0
1407,-9.7364156872344,-8.49463399253994,2
1408,-8.849387213929276,-8.919714994413527,2
1409,1.5309920509193546,-5.9806897091655005,0
1410,-9.23990607342868,-8.729495598724935,2
1411,-2.17278116627884,4.621452592666607,1
1412,-9.573746515693554,-6.258921386997105,2
1413,-0.4491570016064268,6.365873143847684,1
1414,-1.0130158131220968,-4.250269570637035,0
1415,0.4522824999786587,-5.791115234883877,0
1416,-10.78265612888559,-6.0302377325350225,2
1417,-1.1929305884275494,6.754640679332965,1
1418,1.3000529585558906,7.071368358048128,1
1419,-7.727533536981154,-7.727417967400603,2
1420,0.9650391791377178,-4.890842696400094,0
1421,-2.998991622054798,6.846677459356674,1
1422,-8.251553517308848,-6.560896001379997,2
1423,1.0005266369680825,-4.410398370084686,0
1424,0.35366894445052344,-4.6486724181273384,0
1425,-0.2980095186685263,5.350387853925374,1
1426,-8.330967486758187,-6.551592185382935,2
1427,-8.981365687764967,-7.6739194726917495,2
1428,-11.40447793028304,-6.644525018327676,2
1429,-1.552933168575074,7.731544266229898,1
1430,0.015849885160822308,-4.487161927439217,0
1431,-1.040085947317295,-4.316078982065584,0
1432,0.5763123894222937,-5.092751568966892,0
1433,0.7792411687354206,-5.127561421861396,0
1434,1.4725223744085112,-5.339642715604777,0
1435,-1.8748821669988032,6.545402638433984,1
1436,-10.123857610140888,-7.18786457422661,2
1437,0.563695989889939,-3.661793864747682,0
1438,0.42469084976265115,-3.693658397364125,0
1439,-2.2083569969325274,7.185843871094166,1
1440,-1.755388960031833,6.219724027819726,1
1441,-11.193171503038,-7.024562906149719,2
1442,1.1747346883979985,-6.266486033411516,0
1443,1.4063449333238665,-5.2754728498330525,0
1444,-9.502124255943835,-8.089230394811782,2
1445,1.6781967032183989,-6.499066021909034,0
1446,-2.0149951065000358,6.029105361096155,1
1447,0.2781314017531852,-3.570443379625975,0
1448,-1.8879900595573436,5.9176914747540454,1
1449,0.38553352125777096,-3.9080644518895444,0
1450,1.6585269262915827,-3.340796390908616,0
1451,-9.318363408082664,-8.020481979089405,2
1452,-9.18798858934795,-6.6448129052802365,2
1453,-0.5232800201106651,8.033060428481528,1
1454,-9.45374747921437,-6.816890726995849,2
1455,-9.930164176799694,-7.606672239246157,2
1456,1.784845787347233,-3.31289619644549,0
1457,0.5026368431426818,-5.703635338970738,0
1458,0.1636806360842855,-5.0239874192092495,0
1459,-8.803622778856681,-8.053228066398532,2
1460,-1.940402329929209,9.389928264378144,1
1461,0.11082021372827056,6.9745483653666165,1
1462,-9.124435220223749,-9.512186482808925,2
1463,-9.322987696577032,-8.129166595229888,2
1464,3.5155178251024113,-4.2993220560966465,0
1465,-10.1066830613803,-7.762755859533238,2
1466,-11.098331088529038,-6.662711128647939,2
1467,-9.876424633904435,-7.721912583749914,2
1468,-12.460436926577659,-8.444113871996038,2
1469,2.454269774242544,-3.739221639607489,0
1470,-10.149563159164217,-7.414786475492995,2
1471,0.9738097860286961,-5.433959082167659,0
1472,0.8744164976366094,-3.8908996468498818,0
1473,-0.19855726644541138,6.691227136457489,1
1474,-1.4054963272109475,5.762793468214529,1
1475,-9.30263737188593,-7.589744445999185,2
1476,-2.3443521697708523,7.793904718900481,1
1477,0.08766465630568332,-4.898784424509321,0
1478,-0.47699443036181943,6.108698124143043,1
1479,-8.323253142578501,-6.290839481963729,2
1480,-0.6985886937590824,-3.527638176657396,0
1481,-1.3611600972692899,-4.895342611766251,0
1482,1.2904790562412867,-5.5266552291563125,0
1483,-8.768270637038883,-6.867743666271935,2
1484,-0.4986373687518675,6.262092596014549,1
1485,-0.9873372264387899,7.7393326926761254,1
1486,-10.43566263422312,-6.904622875589942,2
1487,0.823203913674084,-3.787265855041933,0
1488,-8.249918637953366,-7.120608328285592,2
1489,-8.451698175053048,-5.48237940050003,2
1490,-10.244637905984504,-8.515860287348566,2
1491,-0.6105236557402731,7.832714180104354,1
1492,-2.532087199170591,7.527902815201142,1
1493,1.6211610235112874,-6.042051194297032,0
1494,-3.089247008916318,6.811138624768472,1
1495,2.3586319330866514,-4.832003675134324,0
1496,-0.5367153356847365,6.766208195511075,1
1497,-9.884868758250573,-8.16923686542654,2
1498,-0.09761682662796867,-3.423122526255669,0
1499,-10.149969001185145,-6.678038054382559,2
